ID	A*33:03	B*13:02	B*40:06	C*06:02	C*08:01	Gene	AA_Change	Num_Passing_Transcripts	Best_Peptide	Pos	Num_Passing_Peptides	IC50_MT	IC50_WT	%ile_MT	%ile_WT	RNA_Expr	RNA_VAF	Allele_Expr	RNA_Depth	DNA_VAF	Tier	Evaluation
chr12-14496251-14496252-A-G	4.0			2.0		ATF7IP	Q1109R	1	NSVTVRVPR	9	6	9.3	6443.22	0.02	6.1	0.0	0.0	0.0	0.0	0.069	NoExpr	Pending
chrX-132054671-132054673-AGC-A	8.0					STK26	FS28-29	1	FTKLEHWER	6	8	11.55	601.5	0.02	1.5	0.0	0.0	0.0	0.0	0.143	NoExpr	Pending
chr9-111373232-111373233-A-G	3.0					ECPAS	S1603P	1	MGHLVRTPR	8	3	13.0	24.86	0.03	0.07	0.0	0.0	0.0	0.0	0.08	NoExpr	Pending
chr9-34371532-34371533-G-A	5.0					MYORG	P471S	1	LSRDFSTYR	2	5	13.72	73.92	0.03	0.26	0.0	0.0	0.0	0.0	0.122	NoExpr	Pending
chr7-107230678-107230680-CA-TC	7.0		1.0			COG5	AV701-702AM	1	LAMGPFCRR	3	8	23.28	61.92	0.06	0.21	0.0	0.0	0.0	0.0	0.074	NoExpr	Pending
chr17-16146489-16146490-T-C	3.0					NCOR1	D323G	1	EAWEKKVGR	8	3	25.14	81.75	0.07	0.28	0.0	0.0	0.0	0.0	0.119	NoExpr	Pending
chr14-104939849-104939850-T-C	6.0			1.0		AHNAK2	R5201G	1	MPSLGRSFR	5	7	25.53	22.64	0.07	0.06	0.0	0.0	0.0	0.0	0.069	NoExpr	Pending
chr1-35414012-35414013-G-T	2.0			1.0	1.0	ZMYM4	E1330D	1	NIFTDPYSR	5	3	29.3	26.82	0.09	0.08	0.0	0.0	0.0	0.0	0.091	NoExpr	Pending
chr8-123130238-123130239-A-T	6.0		4.0			TBC1D31	H771L	1	KEMLLQDAA	4	10	29.77	58.96	0.02	0.04	0.0	0.0	0.0	0.0	0.4	NoExpr	Pending
chr3-113953793-113953793-C-CA	3.0		2.0	1.0		ZDHHC23	FS85-86	1	SEHQHHPSA	1	6	30.81		0.02		0.0	0.0	0.0	0.0	0.332	NoExpr	Pending
chrX-75293502-75293503-G-T	3.0	1.0		2.0	1.0	UPRT	A140S	1	FMFSSDRLIR	5	5	30.85	33.06	0.09	0.1	0.0	0.0	0.0	0.0	0.141	NoExpr	Pending
chr19-3751226-3751227-C-G	3.0			1.0		APBA3	A540P	1	SVVATPHPR	8	4	32.5	52.37	0.1	0.17	0.0	0.0	0.0	0.0	0.125	NoExpr	Pending
chr4-4320740-4320743-TCT-AGA	7.0					ZBTB49	S575R	1	CFTRRAVLR	5	7	35.72	52.75	0.11	0.17	0.0	0.0	0.0	0.0	0.111	NoExpr	Pending
chr19-54667912-54667913-G-A	4.0				1.0	LILRB4	R414Q	1	YAQLHSFTLR	3	5	36.63	27.66	0.11	0.08	0.0	0.0	0.0	0.0	0.166	NoExpr	Pending
chr15-49634785-49634787-GA-AT					2.0	DTWD1	R220H	1	FTDEHLQGL	5	2	36.99	207.89	0.01	0.03	0.0	0.0	0.0	0.0	0.167	NoExpr	Pending
chr5-43677795-43677795-C-CA	2.0					NNT	FS955-956	1	QVWNSPSCR	0	2	39.22		0.12		0.0	0.0	0.0	0.0	0.205	NoExpr	Pending
chr2-159175089-159175091-AC-GA	3.0					TANC1	QL547-548QI	1	QIQSMLSLR	2	3	40.23	75.6	0.13	0.26	0.0	0.0	0.0	0.0	0.182	NoExpr	Pending
chr8-144512197-144512198-G-A	7.0					RECQL4	A1061V	1	DFLYGRVQVR	9	7	41.0	27.99	0.13	0.08	0.0	0.0	0.0	0.0	0.1	NoExpr	Pending
chr17-76775035-76775036-T-A	2.0			3.0		MFSD11	F305Y	1	LSKNNRYGR	7	5	41.57	33.75	0.13	0.1	0.0	0.0	0.0	0.0	0.095	NoExpr	Pending
chr6-34541113-34541115-GCA-G	1.0			2.0		SPDEF	FS168	1	YRPPHGQGL	3	3	44.13		0.02		0.0	0.0	0.0	0.0	0.141	NoExpr	Pending
chr19-40336209-40336210-A-C	2.0	1.0		1.0		C19orf47	M78R	1	NRIQKSRLL	7	4	48.22	50.41	0.02	0.02	0.0	0.0	0.0	0.0	0.118	NoExpr	Pending
chr5-141680434-141680434-A-AG	12.0					ARAP3	FS18	1	TVHPGAVCR	4	12	49.83		0.16		0.0	0.0	0.0	0.0	0.105	NoExpr	Pending
chr16-11765615-11765616-T-A	2.0					ZC3H7A	D531V	1	EIVVWTLER	3	2	51.0	383.53	0.17	1.2	0.0	0.0	0.0	0.0	0.1	NoExpr	Pending
chr1-228295006-228295007-G-C	3.0					OBSCN	G4304R	1	EYSCVCRQER	7	3	54.75	93.41	0.18	0.32	0.0	0.0	0.0	0.0	0.219	NoExpr	Pending
chr1-165768869-165768870-A-C				2.0		TMCO1	V12G	1	LRAGRVGLL	4	2	63.3	108.23	0.02	0.04	0.0	0.0	0.0	0.0	0.105	NoExpr	Pending
chrX-119841753-119841755-CT-AC	4.0					UPF3B	S202V	1	LVFLKNKQR	2	4	73.45	153.65	0.25	0.52	0.0	0.0	0.0	0.0	0.076	NoExpr	Pending
chr3-49121944-49121945-T-A	3.0					LAMB2	Q1641L	1	QTLYLVQER	5	3	74.38	132.31	0.26	0.47	0.0	0.0	0.0	0.0	0.114	NoExpr	Pending
chr2-219484706-219484708-AG-GC	6.0					SPEG	Q2415R	1	SLSLSRRLR	6	6	84.2	284.13	0.29	0.84	0.0	0.0	0.0	0.0	0.103	NoExpr	Pending
chr15-68290768-68290769-A-C	2.0	1.0				FEM1B	I471L	1	LYNLIHLDPR	1	3	84.21	118.61	0.29	0.42	0.0	0.0	0.0	0.0	0.143	NoExpr	Pending
chr11-118504683-118504685-CA-AC	1.0		1.0			KMT2A	P2931H	1	HSDLSVLTTR	1	2	87.22	3223.63	0.3	4.1	0.0	0.0	0.0	0.0	0.143	NoExpr	Pending
chr14-20384493-20384494-C-G	1.0					TEP1	W1079S	1	ESGGVAAGR	2	1	89.76	161.47	0.31	0.54	0.0	0.0	0.0	0.0	0.167	NoExpr	Pending
chr4-44722150-44722152-GT-AG	2.0		2.0			GNPDA2	Y19S	1	WAAKSICNR	5	4	90.75	58.4	0.32	0.19	0.0	0.0	0.0	0.0	0.197	NoExpr	Pending
chr18-13741642-13741644-GC-TG		1.0		1.0		RNMT	S309M	1	RLMPGGYFI	3	2	91.28	408.08	0.02	0.03	0.0	0.0	0.0	0.0	0.2	NoExpr	Pending
chr7-73553589-73553590-T-C	1.0	1.0		3.0		BCL7B	K28R	1	FRQFSCLSL	2	5	91.8	2756.72	0.04	0.62	0.0	0.0	0.0	0.0	0.125	NoExpr	Pending
chr7-152139780-152139781-A-C	3.0					KMT2C	L4785R	1	QGLGRYAAR	5	3	98.87	144.15	0.35	0.5	0.0	0.0	0.0	0.0	0.095	NoExpr	Pending
chr11-77197531-77197532-G-T	3.0					MYO7A	V1459F	1	DVFSYARFK	3	3	106.44	405.15	0.37	1.2	0.0	0.0	0.0	0.0	0.214	NoExpr	Pending
chr12-109507590-109507592-CC-AT					1.0	UBE3B	P493H	1	YLDDLLHKL	7	1	108.87	164.66	0.02	0.03	0.0	0.0	0.0	0.0	0.079	NoExpr	Pending
chr8-94253099-94253100-T-G	1.0					GEM	E115A	1	EVLGEDTYAR	9	1	119.84	172.42	0.42	0.57	0.0	0.0	0.0	0.0	0.2	NoExpr	Pending
chr7-6622831-6622832-G-A	2.0					ZNF853	R614H	1	HKVQIRHHER	7	2	123.48	232.01	0.44	0.72	0.0	0.0	0.0	0.0	0.2	NoExpr	Pending
chr4-127711050-127711052-TC-GG	1.0		1.0			INTU	HQ836-837QE	1	NFQECCLSIR	3	2	139.98	109.93	0.49	0.39	0.0	0.0	0.0	0.0	0.197	NoExpr	Pending
chr2-15218793-15218794-T-A	3.0			1.0		NBAS	K2137N	1	ILNASWPQR	3	4	142.47	81.33	0.5	0.28	0.0	0.0	0.0	0.0	0.054	NoExpr	Pending
chr20-3256091-3256093-CG-TC	1.0	2.0		1.0		C20orf194	SG1058-1059RR	1	RQQECYLVFI	0	4	145.55	567.16	0.02	0.05	0.0	0.0	0.0	0.0	0.125	NoExpr	Pending
chr19-41426090-41426091-C-T	2.0					B3GNT8	A230T	1	DLLLLTWLGR	6	2	149.6	261.27	0.51	0.79	0.0	0.0	0.0	0.0	0.182	NoExpr	Pending
chr12-56132734-56132735-T-C			2.0			ESYT1	V393A	1	YEVMVHEAP	8	2	164.04	193.14	0.07	0.08	0.0	0.0	0.0	0.0	0.102	NoExpr	Pending
chr7-47435325-47435326-A-T	2.0	1.0				TNS3	W94R	1	CTICKAQESR	10	3	168.44	24550.74	0.55	24.0	0.0	0.0	0.0	0.0	0.071	NoExpr	Pending
chr19-8586416-8586418-GA-CC	4.0					ADAMTS10	I819R	1	ALRYRFNAPR	10	4	172.73	18492.02	0.57	16.0	0.0	0.0	0.0	0.0	0.087	NoExpr	Pending
chrX-51745312-51745312-C-CA	2.0					GSPT2	FS562-563	1	SLVDKKIRR	7	2	174.99	31003.9	0.58	38.0	0.0	0.0	0.0	0.0	0.146	NoExpr	Pending
chr14-103448925-103448926-G-T	2.0					MARK3	R102I	1	LFIEVRIMK	3	2	175.12	208.92	0.58	0.67	0.0	0.0	0.0	0.0	0.118	NoExpr	Pending
chr12-57208723-57208724-T-G	2.0					LRP1	S4018A	1	MYWADWGNHPK	4	2	175.36	169.68	0.58	0.56	0.0	0.0	0.0	0.0	0.081	NoExpr	Pending
chr19-51873073-51873074-T-C	2.0					ZNF577	T306A	1	AFYFKSDLTR	1	2	177.82	30.4	0.58	0.09	0.0	0.0	0.0	0.0	0.143	NoExpr	Pending
chr17-58312244-58312246-AC-GT	2.0					TSPOAP1	V859T	1	HISTQALTSR	4	2	189.04	162.98	0.61	0.54	0.0	0.0	0.0	0.0	0.086	NoExpr	Pending
chr16-31371670-31371672-CC-AT	4.0					ITGAX	P683I	1	LALDIGRLSPR	5	4	192.5	374.86	0.62	1.2	0.0	0.0	0.0	0.0	0.068	NoExpr	Pending
chr12-6830640-6830641-C-T	2.0		1.0			P3H3	H286Y	1	YWIQVLQCR	1	3	207.6	109.02	0.66	0.38	0.0	0.0	0.0	0.0	0.1	NoExpr	Pending
chr10-89215975-89215976-A-T	2.0					LIPA	W310R	1	KFQKFQAFDR	10	2	228.02	26340.66	0.71	27.0	0.0	0.0	0.0	0.0	0.056	NoExpr	Pending
chr16-88826728-88826729-G-A	1.0					GALNS	T371I	1	NLLPILLQGR	5	1	231.35	353.76	0.71	0.97	0.0	0.0	0.0	0.0	0.13	NoExpr	Pending
chr20-20472859-20472860-C-G	1.0					RALGAPA2	V1822L	1	CINASRALK	8	1	235.32	821.74	0.72	1.9	0.0	0.0	0.0	0.0	0.069	NoExpr	Pending
chr12-2909535-2909536-C-T	3.0		1.0			TULP3	H17Y	1	VFYEEMMKMR	3	4	240.23	400.61	0.74	1.2	0.0	0.0	0.0	0.0	0.133	NoExpr	Pending
chr13-52643004-52643005-G-T	2.0					HNRNPA1L2	K171N	1	TVNGHNCEVR	3	2	242.64	179.26	0.75	0.59	0.0	0.0	0.0	0.0	0.25	NoExpr	Pending
chr4-145142302-145142303-G-T			1.0			OTUD4	P507Q	1	AEHVSLSNQA	9	1	253.53	77.8	0.1	0.04	0.0	0.0	0.0	0.0	0.118	NoExpr	Pending
chr5-179870313-179870314-C-A	1.0					TBC1D9B	R889M	1	MFMLLDENK	3	1	254.04	303.47	0.78	0.87	0.0	0.0	0.0	0.0	0.043	NoExpr	Pending
chr21-42760840-42760841-C-T		1.0	1.0		1.0	PDE9A	T340M	1	MDILILMTA	1	3	260.11	654.92	0.1	0.23	0.0	0.0	0.0	0.0	0.148	NoExpr	Pending
chrM-8722-8723-G-A		2.0				MT-ATP6	R66Q	1	GQTWSLMLV	2	2	267.2	11870.33	0.02	3.2	0.0	0.0	0.0	0.0	0.301	NoExpr	Pending
chr2-218642473-218642474-G-A	1.0					ZNF142	R1348C	1	HTCKQHPR	3	1	277.05	329.09	0.82	0.92	0.0	0.0	0.0	0.0	0.091	NoExpr	Pending
chr7-55165306-55165307-C-T	1.0			1.0		EGFR	H584Y	1	YYIDGPHCV	1	2	279.66	1039.16	0.07	0.25	0.0	0.0	0.0	0.0	0.08	NoExpr	Pending
chr1-1787343-1787344-T-C	3.0					GNB1	K337R	1	TGSWDSFLR	9	3	280.21	5607.72	0.83	5.6	0.0	0.0	0.0	0.0	0.033	NoExpr	Pending
chr17-58362545-58362546-G-A	1.0					RNF43	P229S	1	HSRSDPLQQR	4	1	280.63	322.99	0.83	0.9	0.0	0.0	0.0	0.0	0.12	NoExpr	Pending
chr18-347236-347236-G-GT	1.0					COLEC12	FS129	1	YAGEVTGER	0	1	285.35		0.84		0.0	0.0	0.0	0.0	0.199	NoExpr	Pending
chr19-36393265-36393266-T-A		2.0				ZFP82	R358S	1	RQQLTLHQSI	9	2	289.03	471.14	0.02	0.04	0.0	0.0	0.0	0.0	0.167	NoExpr	Pending
chr11-119312290-119312291-A-T	2.0					MCAM	S333R	1	DTMISLLR	8	2	297.86	32275.85	0.86	42.0	0.0	0.0	0.0	0.0	0.091	NoExpr	Pending
chr14-91509600-91509601-T-C	2.0					PPP4R3A	D16G	1	KVYTLNEGR	8	2	306.37	1637.58	0.87	2.8	0.0	0.0	0.0	0.0	0.14	NoExpr	Pending
chr19-55137117-55137118-C-T	2.0					TNNT1	G199E	1	DYMEEEQLRAR	4	2	307.85	234.52	0.88	0.72	0.0	0.0	0.0	0.0	0.076	NoExpr	Pending
chr2-191402679-191402680-G-T				2.0		MYO1B	A840S	1	RRKHSVAVI	5	2	312.56	327.31	0.07	0.07	0.0	0.0	0.0	0.0	0.177	NoExpr	Pending
chr9-127402588-127402590-CT-TC			1.0			SLC2A8	L187S	1	LEWRWLAVS	9	1	330.77	284.44	0.13	0.11	0.0	0.0	0.0	0.0	0.066	NoExpr	Pending
chr3-149071322-149071323-T-G	2.0					HLTF	I275L	1	NTLTNFSEKDR	3	2	332.38	186.27	0.93	0.6	0.0	0.0	0.0	0.0	0.111	NoExpr	Pending
chr1-36355224-36355225-A-C				1.0		STK40	V189G	1	IFYDVVRGV	8	1	338.89	141.53	0.08	0.04	0.0	0.0	0.0	0.0	0.11	NoExpr	Pending
chr7-149720982-149720984-CC-AG	2.0		3.0			KRBA1	SP136-137RA	1	GERARAEAA	5	5	339.85	217.07	0.13	0.09	0.0	0.0	0.0	0.0	0.25	NoExpr	Pending
chr4-8394632-8394633-C-A	1.0					ACOX3	R389L	1	LASGDLSAR	6	1	343.48	229.91	0.95	0.71	0.0	0.0	0.0	0.0	0.182	NoExpr	Pending
chr5-914489-914491-AG-CA	2.0					TRIP13	Q349P	1	YPRQPLLTLR	5	2	351.86	629.18	0.96	1.6	0.0	0.0	0.0	0.0	0.125	NoExpr	Pending
chr11-64341490-64341491-C-T		1.0	3.0			CCDC88B	A173V	1	VQSELAVAI	7	4	361.2	497.57	0.03	0.04	0.0	0.0	0.0	0.0	0.055	NoExpr	Pending
chr20-46010923-46010924-C-T			1.0			MMP9	H175Y	1	AEYGDGYPF	3	1	362.59	1254.65	0.14	0.43	0.0	0.0	0.0	0.0	0.116	NoExpr	Pending
chr8-38846780-38846781-A-G	2.0					TACC1	M771V	1	QVKVESLER	2	2	369.63	393.71	1.0	1.2	0.0	0.0	0.0	0.0	0.111	NoExpr	Pending
chr15-42736505-42736507-CT-GA	1.0					CDAN1	R122S	1	RSRGPGPAR	2	1	379.94	10395.69	1.2	8.5	0.0	0.0	0.0	0.0	0.2	NoExpr	Pending
chr11-59172616-59172617-G-C	1.0	1.0				DTX4	V8L	1	LVWEWLNEHGR	1	2	385.18	428.43	1.2	1.3	0.0	0.0	0.0	0.0	0.042	NoExpr	Pending
chr10-68044414-68044415-G-C	1.0			1.0		HERC4	I125M	1	MRVPRNIKSL	1	2	389.56	792.08	0.09	0.19	0.0	0.0	0.0	0.0	0.08	NoExpr	Pending
chr11-14885823-14885824-C-G	1.0		1.0		1.0	CYP2R1	A107P	1	SEIFPDRPC	5	3	411.61	368.45	0.15	0.14	0.0	0.0	0.0	0.0	0.083	NoExpr	Pending
chr17-74544771-74544773-AT-CA	1.0					CD300C	N79M	1	GSAGKRMGR	7	1	411.91	732.64	1.2	1.7	0.0	0.0	0.0	0.0	0.179	NoExpr	Pending
chr11-59578157-59578158-T-A	1.0			1.0		OSBP	N684I	1	MLWKRIPLPK	6	2	414.62	641.74	1.2	1.6	0.0	0.0	0.0	0.0	0.083	NoExpr	Pending
chr10-100540665-100540667-TG-GA	1.0					HIF1AN	V154G	1	QTLNDTGGR	7	1	426.64	190.23	1.3	0.62	0.0	0.0	0.0	0.0	0.118	NoExpr	Pending
chr17-3573874-3573876-AG-CT	1.0					TRPV1	AC620-621AG	1	TSHRWRGPAGR	10	1	427.88	423.24	1.3	1.3	0.0	0.0	0.0	0.0	0.111	NoExpr	Pending
chr11-110255348-110255350-GA-CT	2.0					RDX	I245K	1	IGFPWSEKR	8	2	431.41	535.81	1.3	1.4	0.0	0.0	0.0	0.0	0.074	NoExpr	Pending
chr4-183505301-183505303-AG-CC	3.0					ING2	E36A	1	CVASLPHDMQR	3	3	435.19	1029.58	1.3	2.1	0.0	0.0	0.0	0.0	0.083	NoExpr	Pending
chr5-170383703-170383704-T-A	2.0					KCNMB1	E94V	1	AVLYHTVDTR	7	2	469.31	1441.01	1.3	2.6	0.0	0.0	0.0	0.0	0.375	NoExpr	Pending
chr1-37552744-37552745-G-A				1.0		SNIP1	S76F	1	NRARGVSRF	9	1	470.52	17734.28	0.11	6.5	0.0	0.0	0.0	0.0	0.061	NoExpr	Pending
chr1-94540334-94540335-G-A	2.0					F3	T45I	1	LIWKSTNFK	2	2	473.34	330.92	1.3	0.92	0.0	0.0	0.0	0.0	0.078	NoExpr	Pending
chr5-34822997-34822998-T-C			1.0			RAI14	S389P	1	AEADLSFDP	9	1	492.39	1307.29	0.19	0.44	0.0	0.0	0.0	0.0	0.214	NoExpr	Pending
chr17-81645097-81645098-G-C			1.0			TSPAN10	C86S	1	AEAWGCSCSP	9	1	492.82	1891.53	0.19	0.6	0.0	0.0	0.0	0.0	0.094	NoExpr	Pending
chr14-32092006-32092008-AG-TC	2.0					ARHGAP5	PG446-447PR	1	TLEKIQFISPR	11	2	495.93	36732.39	1.4	58.0	0.0	0.0	0.0	0.0	0.133	NoExpr	Pending
chr12-31089427-31089428-A-G				1.0		DDX11	K273R	1	VRSLGSVQL	2	1	535.7	11134.08	0.12	3.2	0.0	0.0	0.0	0.0	0.175	NoExpr	Pending
chr6-139135400-139135402-CC-TT	1.0					HECA	P2L	1	MLNPKNSKGGR	2	1	541.66	1841.67	1.4	3.0	0.0	0.0	0.0	0.0	0.197	NoExpr	Pending
chr8-143924247-143924249-CG-AT	1.0					PLEC	R2031I	1	DIEEILAQLR	5	1	545.0	719.07	1.4	1.7	0.0	0.0	0.0	0.0	0.021	NoExpr	Pending
chr1-40238560-40238561-G-A	1.0					RLF	G1287S	1	EGRESRGSR	5	1	545.61	707.83	1.4	1.7	0.0	0.0	0.0	0.0	0.189	NoExpr	Pending
chr1-177967926-177967927-G-C	1.0					SEC16B	P19A	1	ASKDPDRGFR	1	1	549.39	2956.84	1.5	3.9	0.0	0.0	0.0	0.0	0.286	NoExpr	Pending
chr15-92945843-92945844-T-A	1.0					CHD2	L393M	1	MGQTDFPAHSR	1	1	586.32	3233.1	1.5	4.1	0.0	0.0	0.0	0.0	0.154	NoExpr	Pending
chr7-76611480-76611481-G-C	1.0	1.0				POMZP3	T183R	1	SQWSRSASL	5	2	629.03	564.5	0.06	0.05	0.0	0.0	0.0	0.0	0.085	NoExpr	Pending
chrX-153444857-153444859-CT-GG			1.0		1.0	TREX2	E191A	1	AEPSAAHSAA	10	2	636.54	13727.86	0.23	4.2	0.0	0.0	0.0	0.0	0.086	NoExpr	Pending
chr3-51420432-51420433-G-A			1.0	2.0		DCAF1	P846L	1	LEKELLLLI	1	3	659.24	8718.54	0.24	2.5	0.0	0.0	0.0	0.0	0.069	NoExpr	Pending
chr8-142354698-142354699-C-G	1.0					TSNARE1	G9A	1	IARAGGLGSR	4	1	681.27	1097.78	1.7	2.2	0.0	0.0	0.0	0.0	0.466	NoExpr	Pending
chr19-21166356-21166357-T-G			1.0			ZNF431	V40G	1	KETLTFRDGA	9	1	697.12	179.44	0.24	0.08	0.0	0.0	0.0	0.0	0.1	NoExpr	Pending
chr5-58458985-58458986-T-C	2.0					PLK2	K126R	1	VAKPHQRER	9	2	745.45	7684.59	1.8	6.9	0.0	0.0	0.0	0.0	0.076	NoExpr	Pending
chr20-21330513-21330514-G-T			1.0			XRN2	R154I	1	KEIFDSNCI	3	1	767.41	2060.54	0.26	0.65	0.0	0.0	0.0	0.0	0.107	NoExpr	Pending
chr15-41877179-41877180-T-G			2.0			SPTBN5	E1216A	1	LELQKFGRA	9	2	771.28	22595.81	0.27	8.6	0.0	0.0	0.0	0.0	0.143	NoExpr	Pending
chr3-183039078-183039080-CT-GC	1.0					MCCC1	AA441-442AP	1	IAKLVVWAPDR	9	1	845.01	789.59	1.9	1.8	0.0	0.0	0.0	0.0	0.056	NoExpr	Pending
chr2-88947493-88947494-C-T	1.0					IGKV1-5	S53N	1	NWLAWYQQK	1	1	860.74	1265.99	1.9	2.4	0.0	0.0	0.0	0.0	0.5	NoExpr	Pending
chr19-11251004-11251006-GG-TC					1.0	DOCK6	NL196-197KM	1	MAADSLLPSL	0	1	912.07	2387.92	0.11	0.24	0.0	0.0	0.0	0.0	0.074	NoExpr	Pending
chr10-49736484-49736485-C-T	1.0					OGDHL	A876T	1	RVIPEDGTAAR	8	1	938.61	1339.3	2.0	2.5	0.0	0.0	0.0	0.0	0.095	NoExpr	Pending
chr16-30721209-30721210-T-C	1.0					SRCAP	V1092A	1	LGALSGTSR	3	1	964.54	1272.15	2.0	2.4	0.0	0.0	0.0	0.0	0.086	NoExpr	Pending
chrX-153650086-153650087-C-A	1.0	2.0				DUSP9	L313I	1	YLMQKLHLSI	10	3	972.47	3499.65	0.09	0.47	0.0	0.0	0.0	0.0	0.5	NoExpr	Pending
chr21-17795261-17795263-TC-GT						C21orf91	SM224-225SL	0	REELNSLTL	7	0	1064.0	923.8	0.37	0.32	0.0	0.0	0.0	0.0	0.091	NoExpr	Pending
chrX-53538396-53538397-T-C						HUWE1	D3979G	0	LAGGPFAVL	3	0	1108.45	21.92	0.12	0.01	0.0	0.0	0.0	0.0	0.066	NoExpr	Pending
chr7-159034302-159034303-A-C						VIPR2	V294G	0	ISIIGNFVL	5	0	1128.87	2758.6	0.13	0.26	0.0	0.0	0.0	0.0	0.067	NoExpr	Pending
chr17-42192531-42192532-C-A						GHDC	A200S	0	RALESGTAV	5	0	1130.87	893.72	0.13	0.1	0.0	0.0	0.0	0.0	0.114	NoExpr	Pending
chr1-173839527-173839528-C-G						DARS2	D334E	0	TYGTDKPETR	8	0	1143.84	2071.36	2.301	3.2	0.0	0.0	0.0	0.0	0.111	NoExpr	Pending
chr19-12147761-12147762-T-A						ZNF625	Q15L	0	FEDVDVNFTL	10	0	1208.59	15284.94	0.41	4.8	0.0	0.0	0.0	0.0	0.471	NoExpr	Pending
chr22-20091901-20091902-T-G						DGCR8	V513G	0	EGCILHEYMQR	2	0	1229.01	208.35	2.4	0.66	0.0	0.0	0.0	0.0	0.066	NoExpr	Pending
chr2-55585083-55585085-CT-AC						PPP4R3B	E400G	0	FSPSMVRGF	8	0	1233.83	607.0	0.28	0.14	0.0	0.0	0.0	0.0	0.1	NoExpr	Pending
chr21-41494522-41494523-T-A						TMPRSS2	N61I	0	YENHGYQPEI	10	0	1262.94	18072.09	0.43	5.9	0.0	0.0	0.0	0.0	0.25	NoExpr	Pending
chr12-48693857-48693859-CA-TG						CCNT1	L452P	0	SENPERPFP	9	0	1287.59	1943.9	0.43	0.62	0.0	0.0	0.0	0.0	0.25	NoExpr	Pending
chr1-19138147-19138148-G-C						UBR4	T2922R	0	RSSAYGDAR	9	0	1310.69	37333.01	2.5	61.0	0.0	0.0	0.0	0.0	0.074	NoExpr	Pending
chr4-117084350-117084351-T-C						TRAM1L1	N348S	0	SGVGVETSNR	1	0	1379.58	574.76	2.5	1.5	0.0	0.0	0.0	0.0	0.2	NoExpr	Pending
chr10-13499960-13499961-G-T						BEND7	Q37K	0	KDLDLVWPP	1	0	1382.35	2960.91	0.46	0.87	0.0	0.0	0.0	0.0	0.071	NoExpr	Pending
chr17-8623085-8623086-C-T						MYH10	R54Q	0	QGDEVMVEL	1	0	1449.94	987.53	0.16	0.11	0.0	0.0	0.0	0.0	0.248	NoExpr	Pending
chr14-63686369-63686370-C-G						SGPP1	G354A	0	AAPPITVTL	2	0	1537.99	9932.99	0.17	1.3	0.0	0.0	0.0	0.0	0.143	NoExpr	Pending
chr22-19515021-19515022-C-T						CDC45	H504Y	0	SKYLLKSFV	3	0	1539.57	3059.32	0.34	0.69	0.0	0.0	0.0	0.0	0.2	NoExpr	Pending
chr11-764304-764305-G-A						TALDO1	E285K	0	AQASDLKKI	7	0	1554.2	762.1	0.16	0.07	0.0	0.0	0.0	0.0	0.049	NoExpr	Pending
chr1-113968454-113968455-G-T						HIPK1	V860F	0	FLPSQVYSL	1	0	1565.31	4653.92	0.35	1.2	0.0	0.0	0.0	0.0	0.273	NoExpr	Pending
chr5-177293851-177293852-C-T						NSD1	H2162Y	0	WYQCDICGK	2	0	1592.09	15038.7	2.801	13.0	0.0	0.0	0.0	0.0	0.059	NoExpr	Pending
chr13-37564525-37564525-C-CT						POSTN	FS822-823	0	LQANKKSSR	7	0	1655.33	40953.66	2.801	78.0	0.0	0.0	0.0	0.0	0.114	NoExpr	Pending
chr4-89835595-89835596-C-A						SNCA	Q24H	0	AEKTKHGVA	6	0	1657.85	2044.95	0.53	0.64	0.0	0.0	0.0	0.0	0.124	NoExpr	Pending
chr6-167864587-167864589-AA-CT						AFDN	Q6P	0	MRFYFPDKA	6	0	1658.03	2961.55	0.36	0.67	0.0	0.0	0.0	0.0	0.087	NoExpr	Pending
chr19-50409559-50409560-G-T						POLD1	R709L	0	KETDPLRLQV	8	0	1666.83	4657.29	0.54	1.4	0.0	0.0	0.0	0.0	0.087	NoExpr	Pending
chr3-69056024-69056025-C-T						UBA3	G408E	0	ITATLEEKNR	7	0	1772.15	897.59	2.9	2.0	0.0	0.0	0.0	0.0	0.1	NoExpr	Pending
chr19-19134883-19134886-CCG-AAA						TMEM161A	AV2-3VF	0	MVFLGVQLV	2	0	1797.7	6450.82	0.2	1.4	0.0	0.0	0.0	0.0	0.086	NoExpr	Pending
chrX-84468802-84468803-T-G						HDX	Y307S	0	SAREEELASMR	1	0	1803.57	1084.17	3.0	2.2	0.0	0.0	0.0	0.0	0.286	NoExpr	Pending
chr12-121819406-121819409-AGA-TTG						SETD1B	ET1141-1142VA	0	EEVAVSIVT	3	0	1820.98	8240.21	0.58	2.4	0.0	0.0	0.0	0.0	0.083	NoExpr	Pending
chr7-92096695-92096696-A-G						AKAP9	K3246R	0	RFSLESQKQR	1	0	1824.57	2573.32	3.0	3.6	0.0	0.0	0.0	0.0	0.09	NoExpr	Pending
chr12-57807720-57807721-T-C						AVIL	R401G	0	GIENLELVPV	1	0	1827.28	688.76	0.58	0.24	0.0	0.0	0.0	0.0	0.06	NoExpr	Pending
chr2-97553231-97553233-AG-TC						ANKRD36B	T403R	0	KQQALKATR	9	0	1852.6	36258.17	3.0	56.0	0.0	0.0	0.0	0.0	0.222	NoExpr	Pending
chr16-87412532-87412534-GG-CC						ZCCHC14	PR592-593PG	0	VSFGPGTKV	6	0	1896.55	1413.28	0.42	0.32	0.0	0.0	0.0	0.0	0.182	NoExpr	Pending
chr3-48579663-48579666-TCT-CAG						COL7A1	GE1719-1720GW	0	GAREKGWPGDR	7	0	2004.14	12130.39	3.1	9.7	0.0	0.0	0.0	0.0	0.056	NoExpr	Pending
chr7-148818013-148818014-C-T						EZH2	S368N	0	NRPSTPTINV	1	0	2210.12	1181.39	0.49	0.27	0.0	0.0	0.0	0.0	0.21	NoExpr	Pending
chr9-133694266-133694267-C-A						SARDH	A638S	0	SFEGDGYYLA	1	0	2233.1	2246.0	0.7	0.7	0.0	0.0	0.0	0.0	0.182	NoExpr	Pending
chr17-67345754-67345755-G-A						PSMD12	P300S	0	SKYKDLLKL	1	0	2239.01	21620.5	0.49	9.3	0.0	0.0	0.0	0.0	0.072	NoExpr	Pending
chr11-65883241-65883244-ACA-TGT						CTSW	T280C	0	YRKGVIKAC	9	0	2274.04	1858.68	0.51	0.41	0.0	0.0	0.0	0.0	0.091	NoExpr	Pending
chr6-126012830-126012831-G-C						TRMT11	G329A	0	SQKEIPKAI	8	0	2278.8	4021.45	0.51	0.93	0.0	0.0	0.0	0.0	0.105	NoExpr	Pending
chr1-236586399-236586400-T-C						HEATR1	S590G	0	GENDQLSNQV	1	0	2289.32	2278.35	0.72	0.72	0.0	0.0	0.0	0.0	0.167	NoExpr	Pending
chr14-76154488-76154490-CC-AG						GPATCH2L	RR42-43RG	0	RQLRKRGGR	7	0	2294.43	2100.45	3.4	3.2	0.0	0.0	0.0	0.0	0.11	NoExpr	Pending
chr1-1211968-1211969-A-G						TNFRSF4	S203P	0	SQGPPTRPV	5	0	2312.43	1928.0	0.27	0.22	0.0	0.0	0.0	0.0	0.352	NoExpr	Pending
chr9-35806500-35806501-C-A						NPR2	R828S	0	LEEKSKAEA	5	0	2315.13	4844.85	0.72	1.5	0.0	0.0	0.0	0.0	0.064	NoExpr	Pending
chr5-77030844-77030845-C-T						AGGF1	R27W	0	QLRWKVEKLER	4	0	2367.13	5055.79	3.4	5.3	0.0	0.0	0.0	0.0	0.16	NoExpr	Pending
chr4-145903021-145903022-G-C						ZNF827	H79Q	0	STTPSSQTL	7	0	2459.02	1639.37	0.24	0.17	0.0	0.0	0.0	0.0	0.143	NoExpr	Pending
chrX-15385049-15385049-A-AT						PIR	FS276	0	FRNAKKWV	6	0	2526.42	4566.53	0.56	1.2	0.0	0.0	0.0	0.0	0.262	NoExpr	Pending
chr2-219077262-219077265-GTG-CAC						NHEJ1	AP269-270GA	0	AEKESTGTS	0	0	2567.03	27399.04	0.78	14.0	0.0	0.0	0.0	0.0	0.133	NoExpr	Pending
chr19-39886421-39886422-A-T						FCGBP	L2586Q	0	NYYQQMCGL	5	0	2640.27	4083.8	0.59	0.93	0.0	0.0	0.0	0.0	0.174	NoExpr	Pending
chr6-488994-488996-TG-CC						EXOC2	SS888-889SG	0	LEALPQLSGGA	9	0	2671.65	2496.2	0.8	0.76	0.0	0.0	0.0	0.0	0.2	NoExpr	Pending
chr1-206685266-206685268-CG-TA						MAPKAPK2	P13L	0	GQSPPVLFPA	7	0	2923.66	4626.45	0.36	0.76	0.0	0.0	0.0	0.0	0.095	NoExpr	Pending
chr19-45364873-45364884-GGCGCCGCCCCA-G						ERCC2	FS183-186	0	KAPGLVPIL	3	0	2965.3		0.67		0.0	0.0	0.0	0.0	0.125	NoExpr	Pending
chr1-246843828-246843828-G-GT						AHCTF1	FS2173	0	LRSRQKKHI	7	0	3012.71	26291.1	0.68	16.0	0.0	0.0	0.0	0.0	0.154	NoExpr	Pending
chr13-31150965-31150966-C-G						HSPH1	V299L	0	DLSGKMNR	2	0	3050.63	2230.54	4.0	3.3	0.0	0.0	0.0	0.0	0.122	NoExpr	Pending
chr8-94825027-94825028-C-T						INTS8	A89V	0	ALKVVAHLK	5	0	3071.06	4413.08	4.0	4.9	0.0	0.0	0.0	0.0	0.104	NoExpr	Pending
chr1-232479706-232479707-G-C						SIPA1L2	L669V	0	THSVYTTYK	4	0	3101.25	2786.05	4.0	3.8	0.0	0.0	0.0	0.0	0.333	NoExpr	Pending
chr16-67238236-67238238-GC-TG						FHOD1	A171H	0	HADHNYQSYIL	1	0	3573.3	8256.01	0.34	0.89	0.0	0.0	0.0	0.0	0.133	NoExpr	Pending
chr9-114093447-114093448-G-C						KIF12	P346A	0	LTAPCPCLM	3	0	3590.55	8648.54	0.34	0.96	0.0	0.0	0.0	0.0	0.08	NoExpr	Pending
chr2-8796862-8796863-C-T						KIDINS220	E336K	0	KTPLIKATKMR	1	0	3621.06	590.3	4.398	1.5	0.0	0.0	0.0	0.0	0.096	NoExpr	Pending
chr3-15074643-15074644-T-A						RBSN	Q498L	0	RQLQDEYDL	9	0	3762.97	36982.05	0.54	42.0	0.0	0.0	0.0	0.0	0.175	NoExpr	Pending
chr13-20989003-20989004-A-G						LATS2	L259P	0	AHYGRPHLPV	9	0	3904.57	2389.75	0.9	0.53	0.0	0.0	0.0	0.0	0.182	NoExpr	Pending
chr22-38426929-38426931-CA-TG						KCNJ4	L401P	0	AAVAAGPGL	7	0	3947.64	2594.4	0.38	0.26	0.0	0.0	0.0	0.0	0.086	NoExpr	Pending
chr19-46756467-46756468-T-A						FKRP	Y340N	0	VRNWLEGGSLL	3	0	3975.59	1318.97	0.92	0.3	0.0	0.0	0.0	0.0	0.205	NoExpr	Pending
chr17-30904133-30904133-C-CT						TEFM	FS143	0	APQTRHRKR	0	0	4090.96		4.699		0.0	0.0	0.0	0.0	0.311	NoExpr	Pending
chr3-121696460-121696461-C-A						GOLGB1	Q1354H	0	HGLEIESLKTV	1	0	4119.7	5666.09	1.3	1.7	0.0	0.0	0.0	0.0	0.111	NoExpr	Pending
chr1-65601473-65601475-GA-TC						LEPR	KI359-360NL	0	KENNLVPS	4	0	4161.32	4172.1	1.3	1.3	0.0	0.0	0.0	0.0	0.4	NoExpr	Pending
chr5-150374265-150374267-GA-AG						TCOF1	GK321-322GE	0	GEAGAVASQT	2	0	4644.46	38106.37	1.4	40.0	0.0	0.0	0.0	0.0	0.143	NoExpr	Pending
chr10-26492366-26492369-CTT-AAG						APBB1IP	TL14-15KV	0	MFSKVLGEM	4	0	4695.9	5517.8	1.2	1.4	0.0	0.0	0.0	0.0	0.273	NoExpr	Pending
chr22-50604456-50604458-GG-TT						MAPK8IP2	PA386-387PS	0	GEPVSPSGGA	7	0	4735.6	4641.45	1.4	1.4	0.0	0.0	0.0	0.0	0.074	NoExpr	Pending
chr15-63302381-63302383-CT-GG						APH1B	FW172-173LG	0	ILLHVLGGI	6	0	4740.62	2100.07	0.77	0.24	0.0	0.0	0.0	0.0	0.104	NoExpr	Pending
chr3-158710748-158710749-A-G						RARRES1	V175A	0	KQLKNPLEIA	10	0	5008.53	843.66	0.85	0.08	0.0	0.0	0.0	0.0	0.027	NoExpr	Pending
chr4-75799728-75799730-AT-CC						USO1	PF531-532PL	0	FLHNSANVPL	10	0	5031.78	9370.18	0.52	1.2	0.0	0.0	0.0	0.0	0.066	NoExpr	Pending
chr4-962858-962860-CA-TG						DGKQ	TV649-650TM	0	GTMGWVLGA	3	0	5048.47	13376.4	0.86	3.9	0.0	0.0	0.0	0.0	0.182	NoExpr	Pending
chr20-57653052-57653053-A-G						PMEPA1	S100P	0	SESTVPGNGI	6	0	5246.72	4447.98	1.6	1.4	0.0	0.0	0.0	0.0	0.058	NoExpr	Pending
chr17-78134552-78134553-G-A						TMC8	D326N	0	ATKYSQNNK	7	0	5295.77	11946.09	5.398	9.6	0.0	0.0	0.0	0.0	0.187	NoExpr	Pending
chr19-49601601-49601602-C-T						PRR12	P1486L	0	ALPSPLPLV	6	0	5324.32	5120.98	1.4	1.3	0.0	0.0	0.0	0.0	0.166	NoExpr	Pending
chr9-128348603-128348605-TG-CA						SLC27A4	W206Q	0	QEPGAVPPS	1	0	5604.08	2553.98	1.7	0.78	0.0	0.0	0.0	0.0	0.077	NoExpr	Pending
chr3-15230446-15230447-T-A						CAPN7	I315N	0	LITGINYPQNK	6	0	5701.08	5441.15	5.699	5.5	0.0	0.0	0.0	0.0	0.111	NoExpr	Pending
chr1-43704023-43704024-A-G						KDM4A	E989G	0	VGFEDGSQL	2	0	6205.99	23656.57	0.66	5.1	0.0	0.0	0.0	0.0	0.063	NoExpr	Pending
chr1-146969573-146969574-C-A						NBPF12	H428Q	0	LAQQLVQKL	4	0	6256.97	6718.95	1.6	1.7	0.0	0.0	0.0	0.0	0.375	NoExpr	Pending
chr12-107753992-107753993-T-C						PRDM4	R88G	0	LPEGNYTLPP	4	0	6495.08	2377.06	1.9	0.74	0.0	0.0	0.0	0.0	0.087	NoExpr	Pending
chr19-49708765-49708766-A-G						CPT1C	D498G	0	LGYSTGGHCK	6	0	6869.35	9792.67	6.398	8.1	0.0	0.0	0.0	0.0	0.118	NoExpr	Pending
chr1-11286111-11286112-G-C						UBIAD1	G333A	0	IILAPAASL	7	0	6884.83	10611.38	0.73	1.4	0.0	0.0	0.0	0.0	0.135	NoExpr	Pending
chrM-15061-15062-T-C						MT-CYB	S106P	0	GLYYGPFLY	6	0	6955.96	6813.39	6.398	6.3	0.0	0.0	0.0	0.0	0.048	NoExpr	Pending
chr19-19794679-19794680-C-A						ZNF506	G403C	0	CKAFNWSSAL	1	0	7308.0	13841.81	1.9	4.4	0.0	0.0	0.0	0.0	0.2	NoExpr	Pending
chr16-57440806-57440807-C-G						CIAPIN1	R41P	0	LQALTGNEGPV	10	0	7420.75	9649.83	1.6	2.3	0.0	0.0	0.0	0.0	0.061	NoExpr	Pending
chr2-11784991-11784992-A-G						LPIN1	S538G	0	SGVEGTSDGLR	5	0	8342.48	6832.36	7.199	6.4	0.0	0.0	0.0	0.0	0.116	NoExpr	Pending
chr11-66316170-66316171-G-A						CD248	P286L	0	CELGGPQGYSC	3	0	9328.1	23033.72	2.699	8.8	0.0	0.0	0.0	0.0	0.25	NoExpr	Pending
chr11-16786332-16786334-CC-TT						PLEKHA7	GE1137-1138GK	0	QLLERVVQGK	10	0	9379.01	30332.33	7.801	36.0	0.0	0.0	0.0	0.0	0.07	NoExpr	Pending
chr3-196554456-196554456-G-GT						WDR53	FS277-278	0	TEESHKTYP	1	0	9782.82		2.9		0.0	0.0	0.0	0.0	0.168	NoExpr	Pending
chr21-36747957-36747958-T-A						SIM2	C624S	0	ASAPGGPEA	2	0	11590.11	28108.59	1.6	7.8	0.0	0.0	0.0	0.0	0.25	NoExpr	Pending
chr17-30785963-30785964-A-C						CRLF3	Y343D	0	AEKQDGDDSL	7	0	12136.04	6064.08	3.6	1.8	0.0	0.0	0.0	0.0	0.141	NoExpr	Pending
chr3-194425455-194425456-T-C						ATP13A3	N1067D	0	HDIQNYENTTV	2	0	12620.8	13145.27	3.5	3.7	0.0	0.0	0.0	0.0	0.158	NoExpr	Pending
chr16-64998849-64998852-AAT-CTG						CDH11	HS78-79PA	0	VLVGRLPADI	7	0	12726.95	12475.67	3.6	3.5	0.0	0.0	0.0	0.0	0.082	NoExpr	Pending
chr22-50532009-50532010-T-C						ODF3B	Y23C	0	AAHCGGPGPK	4	0	16490.6	14139.4	15.0	13.0	0.0	0.0	0.0	0.0	0.048	NoExpr	Pending
chr13-77097529-77097531-TT-CC						MYCBP2	E3208G	0	ENKKSKKGK	8	0	18920.279	17905.67	17.0	16.0	0.0	0.0	0.0	0.0	0.118	NoExpr	Pending
chr12-45860866-45860867-C-T						ARID2	P1614S	0	SQPSSFSGS	5	0	22645.0	20776.77	8.602	7.3	0.0	0.0	0.0	0.0	0.231	NoExpr	Pending
chr12-6827199-6827201-TG-CC						GPR162	L588P	0	GNPIFPQLTP	10	0	29612.43	32029.56	17.0	21.0	0.0	0.0	0.0	0.0	0.333	NoExpr	Pending
