ID	A*24:02	A*24:03	B*40:01	B*54:01	C*07:02	Gene	AA_Change	Num_Passing_Transcripts	Best_Peptide	Pos	Num_Passing_Peptides	IC50_MT	IC50_WT	%ile_MT	%ile_WT	RNA_Expr	RNA_VAF	Allele_Expr	RNA_Depth	DNA_VAF	Tier	Evaluation
chr8-21981824-21981825-A-G	3.0	5.0	1.0	1.0	1.0	XPO7	N351S	1	SYPEVIRLI	1	6	4.55	10.92	0.04	0.1	0.0	0.0	0.0	0.0	0.083	NoExpr	Pending
chr3-15259766-15259767-C-A	1.0	5.0	1.0		2.0	SH3BP5	Q221H	1	KYYVHLEQL	5	6	4.6	5.68	0.04	0.05	0.0	0.0	0.0	0.0	0.055	NoExpr	Pending
chr15-84680735-84680735-C-CT		4.0	5.0			SEC11A	FS136-137	1	GESQGYAVL	0	9	4.68		0.01		0.0	0.0	0.0	0.0	0.049	NoExpr	Pending
chr8-27651548-27651552-ATCTT-A	14.0	24.0				SCARA3	FS50-51	1	SWPCSWWPW	0	24	5.25		0.04		0.0	0.0	0.0	0.0	0.083	NoExpr	Pending
chr1-147293708-147293708-C-CA	3.0	4.0			1.0	CHD1L	FS831	1	TYWTCHERF	0	4	5.26		0.04		0.0	0.0	0.0	0.0	0.145	NoExpr	Pending
chr11-62786283-62786284-C-T	4.0	8.0	1.0	3.0	1.0	TAF6L	H329Y	1	LYPYLSTYW	4	11	5.32	5.52	0.04	0.05	0.0	0.0	0.0	0.0	0.146	NoExpr	Pending
chr16-30763267-30763274-CAATCGCT-C	2.0	6.0		3.0	1.0	RNF40	FS95-97	1	SWMKLWKPF	0	10	5.49		0.05		0.0	0.0	0.0	0.0	0.066	NoExpr	Pending
chr12-132147371-132147372-C-A	4.0	8.0	1.0		1.0	NOC4L	P146H	1	NYLFHRELF	5	9	5.67	4.71	0.05	0.04	0.0	0.0	0.0	0.0	0.082	NoExpr	Pending
chr11-64802477-64802478-T-A	4.0	6.0			1.0	MAP4K2	D84V	1	SYLRNVRLW	6	7	5.8	13.2	0.05	0.13	0.0	0.0	0.0	0.0	0.199	NoExpr	Pending
chr19-49690190-49690195-ATACTG-A	3.0	6.0	1.0	8.0		ADM5	FS54-55	1	LYVGASTPHF	0	15	6.08		0.05		0.0	0.0	0.0	0.0	0.11	NoExpr	Pending
chr1-89056083-89056084-G-A	3.0	4.0				GBP1	R434C	1	IYSKPGGYCLF	9	4	6.47	11.38	0.05	0.11	0.0	0.0	0.0	0.0	0.056	NoExpr	Pending
chr14-102507684-102507684-G-GGA	3.0	12.0		18.0		ANKRD9	FS69	1	RWQCATTAW	0	30	6.72		0.05		0.0	0.0	0.0	0.0	0.068	NoExpr	Pending
chr11-69005748-69005749-CG-C	1.0	4.0		9.0		MRGPRF	FS187	1	WPSSCTWSA	0	13	6.79		0.02		0.0	0.0	0.0	0.0	0.283	NoExpr	Pending
chr11-69005736-69005740-CGCCG-C	1.0	4.0		9.0		MRGPRF	FS190-191	1	WPSSCTWSA	0	13	6.79		0.02		0.0	0.0	0.0	0.0	0.283	NoExpr	Pending
chr6-87261283-87261284-C-T			3.0			ZNF292	P2552L	1	AELASAAEL	3	3	7.63	52.11	0.02	0.11	0.0	0.0	0.0	0.0	0.032	NoExpr	Pending
chr7-151036136-151036140-CTTGT-C	6.0	13.0		4.0		ABCB8	FS377-378	1	AWSWVPYLL	0	17	7.91		0.07		0.0	0.0	0.0	0.0	0.057	NoExpr	Pending
chr22-50627562-50627564-GGT-G	1.0	3.0			1.0	ARSA	FS72-73	1	FYVPVSLCTL	10	3	8.21	4109.64	0.08	3.9	0.0	0.0	0.0	0.0	0.158	NoExpr	Pending
chr17-3655343-3655345-GC-AT	2.0	4.0			1.0	CTNS	RR151-152RW	1	RWKSVIGLSF	2	5	8.43	4018.88	0.08	3.8	0.0	0.0	0.0	0.0	0.118	NoExpr	Pending
chr3-121994234-121994234-C-CA	2.0	5.0	2.0	11.0	2.0	ILDR1	FS242	1	LYWGAGQEL	6	19	8.63	11454.84	0.08	8.0	0.0	0.0	0.0	0.0	0.125	NoExpr	Pending
chr3-129571805-129571807-CC-AT			1.0	7.0		PLXND1	G1039M	1	MPEMALPAPV	4	7	8.81	45.94	0.02	0.08	0.0	0.0	0.0	0.0	0.124	NoExpr	Pending
chr16-31141830-31141834-CTGAT-C				3.0		PRSS36	FS550-551	1	FPLQTHGPWA	10	3	8.85	102.69	0.02	0.14	0.0	0.0	0.0	0.0	0.118	NoExpr	Pending
chr1-44001586-44001587-C-A	4.0	8.0				SLC6A9	V408F	1	SFYAGFVIF	2	8	9.66	187.28	0.09	0.74	0.0	0.0	0.0	0.0	0.167	NoExpr	Pending
chr9-130873005-130873006-G-A	2.0	3.0				ABL1	E371K	1	KYLEKKNFI	1	3	9.76	403.01	0.09	1.2	0.0	0.0	0.0	0.0	0.16	NoExpr	Pending
chr7-76432960-76432961-A-G	2.0	8.0		3.0		ZP3	T156A	1	AWLPFRTTVF	1	11	9.77	8.84	0.09	0.08	0.0	0.0	0.0	0.0	0.074	NoExpr	Pending
chr17-38770516-38770516-A-ACG	1.0	3.0	1.0		1.0	PIP4K2B	FS363-364	1	VYRSWPSLI	3	4	10.24		0.1		0.0	0.0	0.0	0.0	0.076	NoExpr	Pending
chr19-48854231-48854232-T-A			1.0			PLEKHA4	Q360H	1	LESTFHHSL	7	1	10.6	13.77	0.03	0.04	0.0	0.0	0.0	0.0	0.105	NoExpr	Pending
chr19-47488363-47488364-C-A		1.0	5.0			NAPA	R271L	1	KEYDSISLL	8	6	10.75	24.76	0.03	0.05	0.0	0.0	0.0	0.0	0.034	NoExpr	Pending
chr3-45476506-45476508-AC-CT	2.0	3.0		2.0		LARS2	T300L	1	AYLATPEAI	3	5	11.69	42.61	0.11	0.3	0.0	0.0	0.0	0.0	0.152	NoExpr	Pending
chr6-27452081-27452081-C-CACTTTCGATTTCAGGAG	2.0	9.0	15.0	3.0	1.0	ZNF184	FS493	1	TYTLHSIREF	0	26	12.15		0.12		0.0	0.0	0.0	0.0	0.151	NoExpr	Pending
chr1-77935857-77935858-A-T			3.0			NEXN	R429S	1	SEYEELIKL	1	3	13.03	9.17	0.03	0.02	0.0	0.0	0.0	0.0	0.133	NoExpr	Pending
chr3-193642788-193642789-C-A			4.0			OPA1	H374N	1	SEGPHNVAL	6	4	13.29	11.17	0.03	0.03	0.0	0.0	0.0	0.0	0.065	NoExpr	Pending
chr2-99108899-99108900-G-A	1.0	1.0	2.0			TSGA10	A48V	1	KYERHLVEI	7	3	13.43	16.21	0.13	0.15	0.0	0.0	0.0	0.0	0.35	NoExpr	Pending
chr6-82957411-82957413-GG-TT			1.0			UBE3D	P350K	1	WESDISVHKL	9	1	14.06	5.52	0.04	0.02	0.0	0.0	0.0	0.0	0.154	NoExpr	Pending
chr12-9692860-9692862-CA-AT	2.0	4.0				CLEC2D	H131I	1	RYKGPSDIW	8	4	14.26	14.98	0.14	0.14	0.0	0.0	0.0	0.0	0.1	NoExpr	Pending
chr19-6853000-6853001-G-A	1.0	1.0				VAV1	D752N	1	FYQQNSLKNCF	9	1	14.62	15.05	0.14	0.15	0.0	0.0	0.0	0.0	0.107	NoExpr	Pending
chr1-52488943-52488944-T-A	2.0	4.0	2.0	3.0	1.0	TUT4	I494F	1	VFFPLVLAF	3	9	15.35	11.82	0.15	0.11	0.0	0.0	0.0	0.0	0.2	NoExpr	Pending
chr19-45634333-45634333-A-ACC	5.0	11.0	1.0	13.0		EML2	FS307	1	FPSPPYTCWA	0	25	15.69		0.04		0.0	0.0	0.0	0.0	0.1	NoExpr	Pending
chr16-2228490-2228491-A-T				3.0		E4F1	T93S	1	LPASPATTA	4	3	15.74	18.09	0.04	0.04	0.0	0.0	0.0	0.0	0.139	NoExpr	Pending
chr4-153275912-153275914-CT-AG	1.0	3.0			2.0	TRIM2	P79Q	1	NYIQAHSLTL	4	4	16.24	9.79	0.15	0.09	0.0	0.0	0.0	0.0	0.164	NoExpr	Pending
chr9-35733028-35733029-T-A			2.0	1.0		CREB3	C55S	1	WEVDDLLSSL	8	3	16.44	17.34	0.04	0.04	0.0	0.0	0.0	0.0	0.033	NoExpr	Pending
chr11-13694795-13694797-AA-GT	3.0	6.0	2.0	1.0	3.0	FAR1	K11V	1	YYEGVNVLL	5	8	17.0	28.12	0.16	0.24	0.0	0.0	0.0	0.0	0.1	NoExpr	Pending
chr5-54519459-54519461-TT-CA	1.0	3.0				SNX18	I503T	1	AYDATGELF	5	3	17.14	10.65	0.16	0.1	0.0	0.0	0.0	0.0	0.1	NoExpr	Pending
chr17-16064871-16064872-G-A	2.0	3.0		1.0		NCOR1	P1700L	1	RPYNSASMSL	10	4	17.24	6871.14	0.16	5.3	0.0	0.0	0.0	0.0	0.235	NoExpr	Pending
chr8-144506556-144506560-TCTTC-T	1.0	4.0		9.0		GPT	FS396-397	1	RWSALRSWAW	0	13	18.11		0.17		0.0	0.0	0.0	0.0	0.071	NoExpr	Pending
chr1-179087919-179087920-A-C	1.0	2.0				TOR3A	M217L	1	KYVDLYKEQLL	11	2	18.52	41.43	0.18	0.29	0.0	0.0	0.0	0.0	0.067	NoExpr	Pending
chr2-121398388-121398390-GG-TC		1.0	4.0			CLASP1	P971E	1	FEFDQQFNIL	2	4	18.84	17085.22	0.04	5.8	0.0	0.0	0.0	0.0	0.133	NoExpr	Pending
chr12-7149003-7149004-C-T			6.0			CLSTN3	P627L	1	LEVEGYVVVL	1	6	19.36	949.42	0.04	0.66	0.0	0.0	0.0	0.0	0.118	NoExpr	Pending
chr15-65286320-65286322-GC-AG	1.0	1.0				PARP16	KR35-36NC	1	SYNCDSVLRPF	3	1	19.4	30.27	0.18	0.24	0.0	0.0	0.0	0.0	0.105	NoExpr	Pending
chr12-110650207-110650209-GC-AA	2.0	3.0			1.0	HVCN1	A239F	1	LFAKIQHLEF	2	4	20.17	4106.0	0.18	3.9	0.0	0.0	0.0	0.0	0.179	NoExpr	Pending
chr11-60383156-60383157-C-A	1.0	2.0				MS4A7	Q6K	1	KTMGVSHSF	1	2	20.68	88.83	0.19	0.49	0.0	0.0	0.0	0.0	0.118	NoExpr	Pending
chr6-145635318-145635319-T-G	1.0	2.0		2.0		EPM2A	D215A	1	RYPEPMTPATM	9	4	20.82	35.25	0.19	0.26	0.0	0.0	0.0	0.0	0.273	NoExpr	Pending
chr1-100059925-100059926-G-T	2.0	3.0				MFSD14A	V98F	1	FWGRKSFLL	1	3	21.54	14.72	0.2	0.14	0.0	0.0	0.0	0.0	0.163	NoExpr	Pending
chr1-1917922-1917923-G-C			2.0	1.0		TMEM52	P197A	1	QESGANTQL	5	3	22.56	32.7	0.05	0.06	0.0	0.0	0.0	0.0	0.047	NoExpr	Pending
chr14-74506143-74506145-AG-CA			3.0			LTBP2	LC1360-1361LG	1	GENVEGSFL	1	3	23.93	123.63	0.05	0.19	0.0	0.0	0.0	0.0	0.087	NoExpr	Pending
chr11-134356370-134356371-C-T	1.0	4.0			3.0	GLB1L2	A210V	1	VYMPYVKKAL	1	4	23.97	47.39	0.21	0.32	0.0	0.0	0.0	0.0	0.074	NoExpr	Pending
chr13-113087340-113087341-C-T	1.0	4.0	1.0			MCF2L	P827L	1	RFKLMQRHLF	4	5	24.85	10.54	0.22	0.1	0.0	0.0	0.0	0.0	0.5	NoExpr	Pending
chr4-169707185-169707186-A-C	1.0	3.0			1.0	CLCN3	N690T	1	SYTGFPVIM	3	3	26.58	22.23	0.23	0.2	0.0	0.0	0.0	0.0	0.091	NoExpr	Pending
chr4-27022900-27022902-AG-CC			2.0			STIM2	R724P	1	QEAPSVAPI	8	2	27.19	147.19	0.05	0.22	0.0	0.0	0.0	0.0	0.154	NoExpr	Pending
chr10-79512964-79512965-G-T	1.0	2.0	2.0			EIF5AL1	G106W	1	GYLSLLQDSW	10	4	28.23	7141.04	0.24	5.5	0.0	0.0	0.0	0.0	0.098	NoExpr	Pending
chr10-44984032-44984033-C-T				1.0		RASSF4	S98L	1	LPQNGNITA	1	1	28.49	241.32	0.05	0.24	0.0	0.0	0.0	0.0	0.176	NoExpr	Pending
chr11-46418011-46418012-C-A	1.0	2.0		4.0	1.0	AMBRA1	R946L	1	LYPMPADQL	9	6	28.5	10362.11	0.24	7.3	0.0	0.0	0.0	0.0	0.095	NoExpr	Pending
chr8-22108219-22108221-CC-AT		1.0	1.0			NUDT18	AG96-97AW	1	REVKEEAWL	8	2	30.0	31.85	0.06	0.06	0.0	0.0	0.0	0.0	0.077	NoExpr	Pending
chr9-128317213-128317214-G-A				2.0		TRUB2	A85V	1	HPLVCGPVFA	8	2	31.46	29.98	0.06	0.05	0.0	0.0	0.0	0.0	0.068	NoExpr	Pending
chr21-44055767-44055770-AAA-TCT	1.0	3.0	1.0		1.0	TRAPPC10	K185S	1	SWNAFLTSL	8	4	32.09	42.37	0.25	0.3	0.0	0.0	0.0	0.0	0.13	NoExpr	Pending
chr11-64353375-64353376-A-T			4.0			CCDC88B	Q1238L	1	LEEENRQLL	1	4	32.13	45.62	0.06	0.09	0.0	0.0	0.0	0.0	0.143	NoExpr	Pending
chr12-55939278-55939278-A-AG		1.0	4.0			DGKA	FS189-190	1	QEVPQTSLL	0	5	32.13		0.06		0.0	0.0	0.0	0.0	0.286	NoExpr	Pending
chr2-219216159-219216160-T-A	3.0	5.0				ABCB6	T331S	1	GFVSNLRSF	8	5	32.31	19.04	0.25	0.18	0.0	0.0	0.0	0.0	0.154	NoExpr	Pending
chr6-118923929-118923932-GGC-TAA		4.0			2.0	MCM9	CR167-168FR	1	FRPSSCPSL	1	5	32.41	179.86	0.01	0.06	0.0	0.0	0.0	0.0	0.143	NoExpr	Pending
chr19-2108708-2108709-T-A	1.0	2.0				AP3D1	H1177L	1	MYSRSIQGHL	10	2	32.88	15927.0	0.25	12.0	0.0	0.0	0.0	0.0	0.06	NoExpr	Pending
chr14-64216369-64216369-C-CAT	2.0	7.0	1.0	2.0	5.0	SYNE2	FS6508-6509	1	SYYYLQARM	0	11	33.47		0.25		0.0	0.0	0.0	0.0	0.087	NoExpr	Pending
chr8-29350012-29350014-GC-CT			1.0	1.0		DUSP4	A89S	1	SEEEVRARL	1	2	33.5	26.08	0.07	0.05	0.0	0.0	0.0	0.0	0.105	NoExpr	Pending
chrX-41143361-41143363-AA-TG	1.0	2.0				USP9X	EK411-412DE	1	QYVDELEKI	4	2	34.36	16.74	0.25	0.16	0.0	0.0	0.0	0.0	0.182	NoExpr	Pending
chr5-168385325-168385326-G-T	1.0	2.0			1.0	WWC1	Q115H	1	IYHVKQQRL	3	2	36.07	25.57	0.26	0.22	0.0	0.0	0.0	0.0	0.138	NoExpr	Pending
chr7-99892248-99892253-CAAGAA-C	4.0	7.0				TRIM4	FS471-473	1	IFLVESISIF	0	7	36.43		0.26		0.0	0.0	0.0	0.0	0.143	NoExpr	Pending
chr4-1841491-1841492-T-A		1.0	1.0			LETM1	K150M	1	AEVVVMKSL	6	2	36.55	86.95	0.08	0.15	0.0	0.0	0.0	0.0	0.069	NoExpr	Pending
chr15-40903326-40903328-CT-GG		2.0	2.0			VPS18	L970G	1	YEEEQGSWL	6	3	36.98	36.57	0.08	0.08	0.0	0.0	0.0	0.0	0.143	NoExpr	Pending
chr17-7024416-7024418-AT-CC		2.0	2.0	1.0	1.0	BCL6B	I140P	1	SYEPLGPSL	7	5	38.45	38.9	0.27	0.28	0.0	0.0	0.0	0.0	0.286	NoExpr	Pending
chr3-25791618-25791619-G-T				3.0		OXSM	G200V	1	VPNHAVSTA	1	3	41.22	523.69	0.07	0.4	0.0	0.0	0.0	0.0	0.125	NoExpr	Pending
chr4-155796398-155796401-AAAT-A			2.0			GUCY1B1	KL311-312I	1	VEIECEDEL	3	2	43.67	21525.49	0.09	8.1	0.0	0.0	0.0	0.0	0.222	NoExpr	Pending
chr7-23260635-23260636-C-T	1.0	2.0				GPNMB	S294F	1	SFGDNTGLFVF	11	2	43.73	15578.62	0.3	12.0	0.0	0.0	0.0	0.0	0.047	NoExpr	Pending
chr17-7290428-7290429-G-A	1.0	2.0		4.0	2.0	YBX2	S189L	1	RFIPRPPLV	8	7	43.91	79.13	0.3	0.46	0.0	0.0	0.0	0.0	0.095	NoExpr	Pending
chr19-41901952-41901953-C-T	2.0	7.0				ARHGEF1	P460L	1	FFQLMAECLF	4	7	44.54	11.33	0.3	0.11	0.0	0.0	0.0	0.0	0.107	NoExpr	Pending
chr6-30665168-30665168-G-GA				2.0		DHX16	FS343	1	VPRCCLSGA	1	2	45.02		0.08		0.0	0.0	0.0	0.0	0.109	NoExpr	Pending
chr17-28724702-28724703-A-T	1.0	1.0			3.0	TLCD1	L184Q	1	FRQAPQAYL	3	4	45.65	61.07	0.02	0.02	0.0	0.0	0.0	0.0	0.091	NoExpr	Pending
chr2-11602490-11602491-T-G	3.0	3.0		1.0		GREB1	L872W	1	PWLRYDSSF	2	4	45.96	5863.99	0.31	4.8	0.0	0.0	0.0	0.0	0.118	NoExpr	Pending
chr15-55340660-55340661-G-T	1.0	1.0				PIGB	W299L	1	KFNVLQNLGTF	8	1	46.48	43.25	0.32	0.3	0.0	0.0	0.0	0.0	0.25	NoExpr	Pending
chr21-45285906-45285907-G-C	1.0	1.0				POFUT2	N51K	1	LYDVKPPEGF	5	1	47.67	39.4	0.32	0.28	0.0	0.0	0.0	0.0	0.167	NoExpr	Pending
chr16-89709286-89709288-CC-GA	1.0	3.0		2.0		VPS9D1	AA512-513AP	1	YPYCAAPQEL	7	4	49.36	46.24	0.33	0.31	0.0	0.0	0.0	0.0	0.069	NoExpr	Pending
chr6-127983336-127983337-T-G	1.0	3.0				PTPRK	I1120L	1	CYIVIDLML	7	3	49.59	93.21	0.33	0.51	0.0	0.0	0.0	0.0	0.105	NoExpr	Pending
chr14-31457377-31457378-G-A	1.0	2.0		1.0	1.0	DTD2	R6W	1	SWIPQARALL	2	3	49.77	10593.83	0.33	7.4	0.0	0.0	0.0	0.0	0.106	NoExpr	Pending
chr16-75236908-75236910-CT-TA	1.0	1.0				BCAR1	K341I	1	VYDVPPSVEI	10	1	50.57	11954.24	0.34	8.3	0.0	0.0	0.0	0.0	0.079	NoExpr	Pending
chr14-72974789-72974790-T-A	1.0	1.0	3.0		1.0	ZFYVE1	N659I	1	CYEARIVQL	6	4	51.68	124.74	0.34	0.59	0.0	0.0	0.0	0.0	0.133	NoExpr	Pending
chr1-204257593-204257594-G-A		2.0		2.0	1.0	PLEKHA6	S428F	1	IPSPFRQPV	5	5	51.73	189.45	0.09	0.21	0.0	0.0	0.0	0.0	0.086	NoExpr	Pending
chr9-132398262-132398263-T-C			2.0			TTF1	E552G	1	LEKNVGDFL	6	2	51.98	92.09	0.11	0.16	0.0	0.0	0.0	0.0	0.18	NoExpr	Pending
chr16-2097347-2097348-T-A				3.0		PKD1	Y3459F	1	FSPAKSFSAS	1	3	52.44	141.98	0.09	0.17	0.0	0.0	0.0	0.0	0.125	NoExpr	Pending
chr2-241068957-241068962-AGTGGG-A		1.0	1.0	3.0	1.0	SNED1	FS1081-1082	1	VPALCDSSA	0	6	54.17		0.09		0.0	0.0	0.0	0.0	0.111	NoExpr	Pending
chr3-15074433-15074435-TG-GC			1.0	2.0	1.0	RBSN	H568A	1	REPRTALAYAL	6	4	54.3	80.78	0.11	0.15	0.0	0.0	0.0	0.0	0.182	NoExpr	Pending
chr12-64684814-64684815-G-A			1.0			RASSF3	S47N	1	KEKETHNYL	7	1	55.97	70.12	0.11	0.13	0.0	0.0	0.0	0.0	0.164	NoExpr	Pending
chr2-43541244-43541245-C-G		2.0	3.0		1.0	THADA	V1060L	1	KELALLLGM	3	6	56.24	36.51	0.11	0.08	0.0	0.0	0.0	0.0	0.143	NoExpr	Pending
chr1-15774883-15774884-C-G	1.0	3.0		1.0		FBLIM1	C326W	1	WWARVSCLL	1	4	56.35	51.64	0.36	0.34	0.0	0.0	0.0	0.0	0.111	NoExpr	Pending
chr8-70124069-70124070-C-A	1.0	2.0				NCOA2	Q1369H	1	MFSHQSPPHF	4	2	58.14	60.87	0.37	0.38	0.0	0.0	0.0	0.0	0.083	NoExpr	Pending
chr11-67498834-67498836-TC-AA			1.0			PITPNM1	G415V	1	SEGLDVAGEL	6	1	58.66	56.76	0.12	0.12	0.0	0.0	0.0	0.0	0.091	NoExpr	Pending
chr6-43444209-43444210-A-G			2.0			ABCC10	E849G	1	GEQSTSGRL	1	2	59.34	838.01	0.12	0.59	0.0	0.0	0.0	0.0	0.197	NoExpr	Pending
chr15-75675693-75675694-GA-G		1.0		3.0		CSPG4	FS2275	1	HPTLPLRMA	0	4	63.84		0.1		0.0	0.0	0.0	0.0	0.222	NoExpr	Pending
chr2-73734495-73734495-A-AT	3.0	4.0	1.0	4.0	1.0	TPRKB	FS25	1	LPGSSNCPA	0	10	66.78		0.1		0.0	0.0	0.0	0.0	0.113	NoExpr	Pending
chr19-50271917-50271919-AA-GT			3.0			MYH14	K1081V	1	AEEEEKVVSL	8	3	69.0	169.88	0.13	0.24	0.0	0.0	0.0	0.0	0.066	NoExpr	Pending
chr7-128081390-128081391-A-T		1.0	3.0	1.0		SND1	E667V	1	YEEQPVVEV	7	5	69.0	158.09	0.13	0.23	0.0	0.0	0.0	0.0	0.036	NoExpr	Pending
chr19-36104938-36104940-CC-GG	1.0	1.0		1.0		WDR62	P1495G	1	LYGLASPDL	3	2	72.35	28.67	0.43	0.24	0.0	0.0	0.0	0.0	0.13	NoExpr	Pending
chr12-1777940-1777941-C-A	1.0	1.0		2.0		ADIPOR2	P127T	1	TPMPSFRAC	1	3	72.41	3422.69	0.11	1.6	0.0	0.0	0.0	0.0	0.108	NoExpr	Pending
chr5-141511005-141511006-C-T	1.0	2.0				PCDHGA4	R908C	1	CYGPQFTL	1	2	72.44	18.4	0.43	0.17	0.0	0.0	0.0	0.0	0.111	NoExpr	Pending
chr18-45997826-45997828-GT-CC		1.0	3.0			PSTPIP2	D188G	1	VEDSGKAYML	5	4	72.51	221.67	0.13	0.29	0.0	0.0	0.0	0.0	0.087	NoExpr	Pending
chr6-8428029-8428030-T-A	2.0	5.0	1.0			SLC35B3	K109M	1	GFMSCGWYL	3	5	73.41	216.26	0.43	0.79	0.0	0.0	0.0	0.0	0.051	NoExpr	Pending
chr1-26328809-26328810-G-T			3.0			CRYBG2	L1784I	1	KEIEISREV	5	3	73.89	80.6	0.13	0.15	0.0	0.0	0.0	0.0	0.083	NoExpr	Pending
chr1-12383084-12383084-C-CA		2.0	2.0			VPS13D	FS3767	1	NETWFWNVI	1	4	73.96		0.13		0.0	0.0	0.0	0.0	0.156	NoExpr	Pending
chr9-135484648-135484649-G-C		1.0	1.0			PPP1R26	V47L	1	VESASVSARL	10	2	76.64	1635.39	0.14	0.93	0.0	0.0	0.0	0.0	0.091	NoExpr	Pending
chr1-171537431-171537432-A-C				2.0		PRRC2C	Q819H	1	YPHAEPQHA	8	2	77.06	65.02	0.11	0.1	0.0	0.0	0.0	0.0	0.083	NoExpr	Pending
chr17-44397846-44397847-C-A				4.0		GPATCH8	Q1410H	1	IPHPHLTPI	3	4	77.07	240.29	0.11	0.24	0.0	0.0	0.0	0.0	0.118	NoExpr	Pending
chr22-19851260-19851261-G-T			2.0			RTL10	T334K	1	KEGDQEVSL	1	2	82.18	167.12	0.15	0.24	0.0	0.0	0.0	0.0	0.118	NoExpr	Pending
chr16-19628736-19628737-A-T			3.0			VPS35L	K584M	1	NEAWKVITM	9	3	82.19	15894.46	0.15	5.3	0.0	0.0	0.0	0.0	0.087	NoExpr	Pending
chr10-100945374-100945375-C-T	1.0	3.0	1.0			SLF2	R935C	1	GYQDCEIMLL	5	4	82.36	68.96	0.47	0.42	0.0	0.0	0.0	0.0	0.25	NoExpr	Pending
chr14-90816229-90816231-CT-GC		2.0	1.0		1.0	TTC7B	Q22R	1	CRWERIPEL	2	4	83.7	851.36	0.03	0.28	0.0	0.0	0.0	0.0	0.167	NoExpr	Pending
chr17-19381512-19381514-CA-TG				4.0		MAPK7	P435L	1	CAMESPLPA	7	4	83.86	93.96	0.12	0.14	0.0	0.0	0.0	0.0	0.2	NoExpr	Pending
chr3-33385542-33385544-GT-CA				2.0		FBXL2	V403H	1	FAPHTPPTAV	4	2	87.07	71.19	0.12	0.11	0.0	0.0	0.0	0.0	0.087	NoExpr	Pending
chr2-8864192-8864193-A-C	1.0	3.0				MBOAT2	I343M	1	NWNMQTALW	4	3	87.12	90.82	0.48	0.5	0.0	0.0	0.0	0.0	0.21	NoExpr	Pending
chr1-119915756-119915757-G-A				1.0		NOTCH2	P2322L	1	LQPQSTCPPA	1	1	88.08	7121.44	0.12	2.7	0.0	0.0	0.0	0.0	0.051	NoExpr	Pending
chr22-50582325-50582326-A-G				3.0	1.0	CHKB	S86P	1	CPLPDHLPSV	2	4	90.04	15482.67	0.13	5.9	0.0	0.0	0.0	0.0	0.098	NoExpr	Pending
chr2-216081725-216081726-T-G		1.0		1.0		PECR	K6Q	1	SWAQGRSYL	4	2	91.57	79.89	0.5	0.46	0.0	0.0	0.0	0.0	0.133	NoExpr	Pending
chr21-46273455-46273456-C-A	1.0	1.0				MCM3AP	D710Y	1	MYQKEGSLRDW	2	1	91.77	28438.06	0.5	26.0	0.0	0.0	0.0	0.0	0.105	NoExpr	Pending
chr20-62362469-62362472-CCAG-C		1.0	2.0			LAMA5	RW126-127R	1	TERWQSPPL	5	3	94.71	12139.32	0.16	3.9	0.0	0.0	0.0	0.0	0.222	NoExpr	Pending
chr10-102592707-102592711-GTAGT-G		3.0		2.0		SUFU	FS194-195	1	VPSSRSLVSA	2	5	96.15		0.14		0.0	0.0	0.0	0.0	0.333	NoExpr	Pending
chr1-42747774-42747775-T-C		2.0				P3H1	D621G	1	GFDGGNFYF	1	2	98.59	1313.48	0.53	2.1	0.0	0.0	0.0	0.0	0.083	NoExpr	Pending
chr1-43442111-43442117-GAGGAGA-G				1.0		SZT2	RR2562-2563-	1	WPTQQAAKA	2	1	99.22	1235.04	0.14	0.72	0.0	0.0	0.0	0.0	0.143	NoExpr	Pending
chr2-120990646-120990648-AG-TC			2.0			GLI2	E1578V	1	AEVSKFLNM	3	2	99.46	244.32	0.16	0.32	0.0	0.0	0.0	0.0	0.4	NoExpr	Pending
chr1-151838807-151838808-C-G				5.0		C2CD4D	G61A	1	LPDPAGAVPA	5	5	103.79	144.0	0.15	0.18	0.0	0.0	0.0	0.0	0.154	NoExpr	Pending
chr15-48437363-48437365-AA-TC				1.0		FBN1	PY2112-2113PN	1	CPNGSGIIV	3	1	105.06	28.66	0.15	0.05	0.0	0.0	0.0	0.0	0.333	NoExpr	Pending
chr6-16143084-16143086-CAG-C			1.0			MYLIP	FS177	1	AEYQVLHCV	7	1	112.47	69.55	0.18	0.13	0.0	0.0	0.0	0.0	0.091	NoExpr	Pending
chr8-144115344-144115345-C-T			2.0	2.0		WDR97	T1361I	1	QEIPSQTSV	3	4	115.24	307.88	0.19	0.35	0.0	0.0	0.0	0.0	0.273	NoExpr	Pending
chr3-121694982-121694986-AATCT-A			3.0			GOLGB1	FS1846-1847	1	HDEINNYLQL	10	3	116.04	29649.95	0.19	17.0	0.0	0.0	0.0	0.0	0.164	NoExpr	Pending
chr20-63741927-63741928-A-G		1.0				SLC2A4RG	S151G	1	SYSSGSNSGDW	5	1	118.27	120.86	0.57	0.58	0.0	0.0	0.0	0.0	0.055	NoExpr	Pending
chr3-69039613-69039614-A-T			1.0			TMF1	N591K	1	KENEKMVAKL	5	1	118.69	37.54	0.19	0.08	0.0	0.0	0.0	0.0	0.15	NoExpr	Pending
chr12-132641649-132641650-A-T		1.0			1.0	POLE	F1792Y	1	YRILKSMVV	1	2	120.26	157.08	0.04	0.06	0.0	0.0	0.0	0.0	0.34	NoExpr	Pending
chr15-40737987-40737988-G-A		1.0		1.0		RMDN3	L368F	1	NPMAHFFLG	7	2	122.22	227.46	0.16	0.23	0.0	0.0	0.0	0.0	0.108	NoExpr	Pending
chr1-11795285-11795286-C-A			2.0			MTHFR	K322N	1	QEINDVIEPI	4	2	123.17	153.59	0.19	0.23	0.0	0.0	0.0	0.0	0.154	NoExpr	Pending
chr1-11650503-11650504-T-G		2.0			1.0	FBXO2	K118T	1	FYFLSTRRRNL	6	2	123.53	605.33	0.59	1.5	0.0	0.0	0.0	0.0	0.399	NoExpr	Pending
chr11-93727276-93727278-AA-CT			1.0			CEP295	ST2267-2268SS	1	SECSSKHQL	5	1	126.06	132.19	0.2	0.2	0.0	0.0	0.0	0.0	0.105	NoExpr	Pending
chr7-105107399-105107401-TT-AC					1.0	KMT2E	PF981-982PL	1	LRNSNLTEL	1	1	128.12	18.7	0.05	0.01	0.0	0.0	0.0	0.0	0.091	NoExpr	Pending
chr9-114406859-114406861-TG-CC	1.0	2.0				WHRN	S577W	1	STSQGLWSF	7	2	129.23	913.43	0.59	1.8	0.0	0.0	0.0	0.0	0.1	NoExpr	Pending
chr5-132393744-132393746-TTG-T		1.0		2.0		SLC22A5	FS531	1	FSPRELRYPT	1	3	132.55		0.16		0.0	0.0	0.0	0.0	0.087	NoExpr	Pending
chr3-196886513-196886515-GA-CC		1.0	2.0		1.0	SENP5	D445P	1	SYQMEEPGSL	7	3	135.63	423.06	0.61	1.2	0.0	0.0	0.0	0.0	0.167	NoExpr	Pending
chr12-29345504-29345505-G-A		2.0				ERGIC2	P255S	1	YFITVVSTKL	7	2	142.12	114.28	0.63	0.57	0.0	0.0	0.0	0.0	0.092	NoExpr	Pending
chr8-61684142-61684143-G-A	2.0	2.0				ASPH	S50L	1	LLGTSFFTW	2	2	161.8	587.58	0.68	1.5	0.0	0.0	0.0	0.0	0.062	NoExpr	Pending
chrX-2907425-2907426-T-C		1.0		2.0		ARSD	R543G	1	LYHAVIAGV	8	3	162.85	75.56	0.68	0.44	0.0	0.0	0.0	0.0	0.099	NoExpr	Pending
chr9-136418608-136418609-T-C	1.0	1.0				PMPCA	S349P	1	MMMGGGGPF	8	1	166.93	146.89	0.69	0.64	0.0	0.0	0.0	0.0	0.065	NoExpr	Pending
chr22-21643967-21643969-CT-AC			1.0			SDF2L1	HW153-154QR	1	REREAAVRF	0	1	175.71	177.3	0.25	0.25	0.0	0.0	0.0	0.0	0.058	NoExpr	Pending
chr16-81946236-81946240-GGTTT-G			1.0			PLCG2	FS1182-1183	1	IELASLLSV	8	1	185.86	134.32	0.27	0.21	0.0	0.0	0.0	0.0	0.182	NoExpr	Pending
chr4-5856208-5856209-G-A		2.0			1.0	CRMP1	H252Y	1	LYVDITSWY	2	2	187.02	11756.83	0.74	8.1	0.0	0.0	0.0	0.0	0.427	NoExpr	Pending
chr3-49114775-49114776-G-A		2.0				USP19	P758L	1	QYKSKLVCL	9	2	189.86	17261.37	0.74	13.0	0.0	0.0	0.0	0.0	0.1	NoExpr	Pending
chr3-10064811-10064812-T-C	1.0	1.0		1.0		FANCD2	L702P	1	LPPLFSQDFA	3	2	191.67	39.36	0.21	0.07	0.0	0.0	0.0	0.0	0.095	NoExpr	Pending
chr1-229490036-229490037-G-A	1.0	1.0				NUP133	S371F	1	IYYFLITI	4	1	199.27	63.32	0.76	0.4	0.0	0.0	0.0	0.0	0.073	NoExpr	Pending
chr8-66664447-66664449-TG-CA			1.0			VCPIP1	P837L	1	MEKELVPL	5	1	203.93	359.55	0.28	0.38	0.0	0.0	0.0	0.0	0.25	NoExpr	Pending
chr5-127524915-127524917-AA-GT				1.0		PRRC1	GT163-164GS	1	MPSFSAPSGS	10	1	205.04	138.03	0.21	0.17	0.0	0.0	0.0	0.0	0.091	NoExpr	Pending
chr4-17803655-17803656-T-C				1.0	1.0	DCAF16	I162M	1	SRATPMPEY	6	2	205.61	157.83	0.07	0.06	0.0	0.0	0.0	0.0	0.097	NoExpr	Pending
chr20-63203073-63203074-G-A				1.0		YTHDF1	A289V	1	VPQQVPSPQA	5	1	206.87	589.62	0.21	0.44	0.0	0.0	0.0	0.0	0.069	NoExpr	Pending
chr12-53191968-53191969-C-T				1.0		ITGB7	V736M	1	MAVGLGLVLA	1	1	209.26	4254.88	0.21	1.8	0.0	0.0	0.0	0.0	0.105	NoExpr	Pending
chrX-130147564-130147565-T-C		1.0			2.0	AIFM1	E178G	1	MRPPLSKGL	8	3	209.38	44.91	0.07	0.02	0.0	0.0	0.0	0.0	0.289	NoExpr	Pending
chr1-153951425-153951426-G-C				1.0		CRTC2	A413G	1	SPVLGGPSYPA	6	1	209.6	216.51	0.21	0.22	0.0	0.0	0.0	0.0	0.077	NoExpr	Pending
chr5-157139163-157139164-A-T		3.0				MED7	L90M	1	NFMDLLDIL	3	3	213.15	548.31	0.78	1.4	0.0	0.0	0.0	0.0	0.095	NoExpr	Pending
chr3-52844883-52844884-A-G		1.0				STIMATE	M162T	1	LYIVITIF	6	1	216.14	348.27	0.79	1.0	0.0	0.0	0.0	0.0	0.118	NoExpr	Pending
chr4-56338724-56338724-A-AT			1.0			AASDH	FS992	1	SEQKNIFWF	5	1	219.04	4133.86	0.29	1.7	0.0	0.0	0.0	0.0	0.132	NoExpr	Pending
chr3-49887528-49887531-GTC-AGA		1.0	1.0			MST1R	D1327S	1	WEASPAVRPTF	4	2	224.4	195.86	0.3	0.28	0.0	0.0	0.0	0.0	0.111	NoExpr	Pending
chr6-142769920-142769922-GC-CT				1.0		HIVEP2	G1606E	1	RPVEMLVRMA	4	1	228.99	297.48	0.23	0.27	0.0	0.0	0.0	0.0	0.083	NoExpr	Pending
chr2-25244285-25244286-GC-G					2.0	DNMT3A	FS574	1	QRFTHLSQL	0	2	240.77		0.08		0.0	0.0	0.0	0.0	0.143	NoExpr	Pending
chr19-16326992-16326993-T-C					4.0	KLF2	S344P	1	SRPDHLALHM	3	4	242.58	781.0	0.08	0.26	0.0	0.0	0.0	0.0	0.116	NoExpr	Pending
chr18-58325038-58325042-CACCA-C	1.0	1.0	1.0			NEDD4L	FS186-187	1	SQQRNFLLL	3	1	251.78		0.86		0.0	0.0	0.0	0.0	0.06	NoExpr	Pending
chrX-48832219-48832222-AGC-TCG			2.0			PCSK1N	AL78-79AE	1	QELARAEAHL	7	2	259.67	135.87	0.32	0.21	0.0	0.0	0.0	0.0	0.333	NoExpr	Pending
chrX-53562902-53562903-G-C			2.0			HUWE1	Q2378E	1	GEDESEEDVL	6	2	259.75	88.42	0.32	0.16	0.0	0.0	0.0	0.0	0.111	NoExpr	Pending
chr11-65579114-65579116-AA-TT	1.0	1.0				EHBP1L1	N48F	1	VWTRRFRRI	6	1	262.02	1371.09	0.88	2.2	0.0	0.0	0.0	0.0	0.066	NoExpr	Pending
chr16-88841069-88841070-C-G		1.0		1.0		GALNS	G115A	1	AYTPQEIVAGI	9	2	266.2	768.21	0.89	1.6	0.0	0.0	0.0	0.0	0.104	NoExpr	Pending
chr4-10443336-10443337-C-T		1.0				ZNF518B	E998K	1	TYQNAKEASQI	6	1	272.47	277.34	0.9	0.9	0.0	0.0	0.0	0.0	0.222	NoExpr	Pending
chr19-327898-327898-A-ACCCC		1.0				MIER2	FS112	1	RTNSEGFAF	0	1	273.27		0.9		0.0	0.0	0.0	0.0	0.122	NoExpr	Pending
chr9-35079197-35079197-A-AGG	2.0	5.0			1.0	FANCG	FS43	1	RRQQLALRM	7	6	276.9	14340.78	0.09	6.1	0.0	0.0	0.0	0.0	0.103	NoExpr	Pending
chr1-61801657-61801658-T-C			1.0	1.0		PATJ	F480L	1	LKPPALLLTGA	7	2	278.36	286.8	0.26	0.27	0.0	0.0	0.0	0.0	0.188	NoExpr	Pending
chr1-99910781-99910784-CAC-GGT					1.0	AGL	GT1257-1258GV	1	NRFNCGVWM	7	1	281.0	258.96	0.09	0.09	0.0	0.0	0.0	0.0	0.086	NoExpr	Pending
chr19-17830150-17830151-T-C			1.0			JAK3	E1055G	1	LELLGEGQRL	5	1	282.91	538.22	0.34	0.48	0.0	0.0	0.0	0.0	0.143	NoExpr	Pending
chr9-70267928-70267928-G-GT		3.0				SMC5	FS111-112	1	GFFCEERMF	4	3	288.76		0.92		0.0	0.0	0.0	0.0	0.225	NoExpr	Pending
chr22-50177430-50177431-T-C				1.0		PANX2	V240A	1	APISYLCTYYA	1	1	288.97	87.07	0.27	0.12	0.0	0.0	0.0	0.0	0.214	NoExpr	Pending
chr19-16576109-16576110-A-G	1.0	1.0				MED26	Y574H	1	NWHDWTQCI	3	1	297.31	97.56	0.93	0.52	0.0	0.0	0.0	0.0	0.083	NoExpr	Pending
chr19-40717828-40717829-A-T		2.0				ITPKC	R232W	1	SWKELYTDGSW	11	2	298.8	24555.52	0.93	20.0	0.0	0.0	0.0	0.0	0.143	NoExpr	Pending
chr17-29093386-29093387-T-C			1.0			MYO18A	D1621G	1	EEYEGKQKVL	5	1	300.78	821.05	0.34	0.59	0.0	0.0	0.0	0.0	0.09	NoExpr	Pending
chr2-44332528-44332529-A-T			1.0		1.0	PREPL	F428Y	1	YEETGHEDPI	1	2	301.19	505.23	0.34	0.46	0.0	0.0	0.0	0.0	0.068	NoExpr	Pending
chr1-161525052-161525054-CG-TC			2.0			HSPA6	T132I	1	KEIAEAYL	3	2	303.86	1181.08	0.34	0.76	0.0	0.0	0.0	0.0	0.199	NoExpr	Pending
chr5-176969683-176969684-G-A				1.0		UIMC1	S127F	1	FATRSRPLA	1	1	308.97	3381.28	0.28	1.6	0.0	0.0	0.0	0.0	0.088	NoExpr	Pending
chr19-58499160-58499160-G-GGTGT			1.0			SLC27A5	FS576	1	VEGVLSQVDL	10	1	310.57	3207.42	0.35	1.5	0.0	0.0	0.0	0.0	0.14	NoExpr	Pending
chr3-49738235-49738235-G-GGT		1.0	1.0		1.0	IP6K1	FS137	1	KEEKARPCPL	6	3	312.99	3405.66	0.35	1.6	0.0	0.0	0.0	0.0	0.133	NoExpr	Pending
chr17-42554821-42554823-AA-GG				1.0		HSD17B1	K292G	1	VPAGAEAGA	4	1	323.61	252.99	0.28	0.24	0.0	0.0	0.0	0.0	0.099	NoExpr	Pending
chr19-2806964-2806965-T-C					1.0	THOP1	S267P	1	LRAQKPRLL	6	1	326.34	275.41	0.11	0.09	0.0	0.0	0.0	0.0	0.143	NoExpr	Pending
chr9-115063984-115063985-C-T		1.0				TNC	A1191T	1	TYEYFFIQV	1	1	328.27	458.98	0.98	1.3	0.0	0.0	0.0	0.0	0.154	NoExpr	Pending
chr11-75267700-75267701-G-T			2.0			ARRB1	P366T	1	REVTENETPV	4	2	331.92	308.01	0.36	0.35	0.0	0.0	0.0	0.0	0.057	NoExpr	Pending
chr1-26294246-26294247-C-A			1.0			UBXN11	G173C	1	SEHCERDWM	4	1	332.23	275.35	0.36	0.33	0.0	0.0	0.0	0.0	0.078	NoExpr	Pending
chr10-116701078-116701079-G-A				1.0		HSPA12A	T119I	1	TPTIILLTP	4	1	333.96	449.89	0.29	0.36	0.0	0.0	0.0	0.0	0.2	NoExpr	Pending
chr18-9275572-9275573-G-T		1.0	1.0		2.0	ANKRD12	R1938I	1	HYIAARTL	3	3	335.3	1814.96	0.99	2.5	0.0	0.0	0.0	0.0	0.222	NoExpr	Pending
chr17-42577461-42577462-G-C			3.0			PSMC3IP	A45G	1	REHGLGKGVVV	8	3	352.1	312.29	0.38	0.35	0.0	0.0	0.0	0.0	0.111	NoExpr	Pending
chr11-66843760-66843761-A-G			1.0	1.0		RCE1	D63G	1	SELPRGHPAV	6	2	355.82	769.28	0.38	0.57	0.0	0.0	0.0	0.0	0.175	NoExpr	Pending
chr3-58501161-58501197-GGATTTTAAGGAATTTGATCTGCTTCGGAAAGAAGCA-G	1.0	1.0		1.0		KCTD6	DFKEFDLLRKEA82-93-	1	TLPLDFYQI	7	2	361.57	388.65	1.2	1.2	0.0	0.0	0.0	0.0	0.125	NoExpr	Pending
chr4-87441872-87441873-G-C				1.0		NUDT9	G163A	1	LARWGPNHAA	2	1	371.69	6154.37	0.32	2.4	0.0	0.0	0.0	0.0	0.083	NoExpr	Pending
chr17-28623779-28623780-C-T			1.0			KIAA0100	G1647S	1	TEQDSRQLWL	5	1	376.14	324.5	0.39	0.36	0.0	0.0	0.0	0.0	0.061	NoExpr	Pending
chr12-49349500-49349501-A-G		2.0		1.0		DNAJC22	Y210C	1	TAATLSCVA	7	3	379.58	95.78	0.32	0.14	0.0	0.0	0.0	0.0	0.375	NoExpr	Pending
chr3-25604822-25604822-G-GA			1.0			TOP2B	FS1476	1	EEDSASVFF	9	1	380.78	15905.47	0.39	5.3	0.0	0.0	0.0	0.0	0.099	NoExpr	Pending
chr1-186390711-186390712-G-T		1.0				ODR4	S159I	1	TYDIHDPKI	9	1	383.01	24506.41	1.2	20.0	0.0	0.0	0.0	0.0	0.105	NoExpr	Pending
chr17-44738396-44738397-C-T		1.0				DBF4B	P229L	1	KVARLKALF	8	1	391.45	1047.51	1.2	1.9	0.0	0.0	0.0	0.0	0.375	NoExpr	Pending
chr2-241126718-241126720-CT-AA			1.0			PASK	Q732L	1	LEAVEALEV	7	1	393.86	632.55	0.4	0.5	0.0	0.0	0.0	0.0	0.111	NoExpr	Pending
chr22-25721340-25721340-C-CA			1.0		1.0	GRK3	FS616-617	1	RRETICLAM	0	2	398.91		0.14		0.0	0.0	0.0	0.0	0.222	NoExpr	Pending
chr14-102012347-102012349-CG-GC			2.0			DYNC1H1	R2298A	1	GELQKAQWI	6	2	402.4	1071.34	0.4	0.71	0.0	0.0	0.0	0.0	0.125	NoExpr	Pending
chr1-154590275-154590276-T-C			2.0			ADAR	M802V	1	AERVGFTEV	4	2	408.58	296.76	0.4	0.34	0.0	0.0	0.0	0.0	0.086	NoExpr	Pending
chr22-23284036-23284037-C-T	1.0	1.0				BCR	R726C	1	RKLCHVFLF	4	1	408.64	414.94	1.2	1.2	0.0	0.0	0.0	0.0	0.07	NoExpr	Pending
chr2-240596853-240596855-CT-AG				3.0		CAPN10	P552Q	1	FPFSVPEGQG	9	3	410.88	83.38	0.35	0.12	0.0	0.0	0.0	0.0	0.053	NoExpr	Pending
chr21-42862374-42862375-C-T				1.0		WDR4	R158H	1	SPDDHFILTA	5	1	421.66	604.92	0.35	0.45	0.0	0.0	0.0	0.0	0.186	NoExpr	Pending
chr16-23393301-23393302-C-G				2.0		COG7	V645L	1	EPFLTQEDSA	4	2	427.55	571.71	0.35	0.43	0.0	0.0	0.0	0.0	0.087	NoExpr	Pending
chr4-8370976-8370978-AA-CT			2.0			ACOX3	V638E	1	AEALVDVI	2	2	446.5	34660.11	0.42	27.0	0.0	0.0	0.0	0.0	0.068	NoExpr	Pending
chr3-45677018-45677019-A-G			1.0			LIMD1	K664R	1	LERRPSSTAL	3	1	448.07	399.83	0.42	0.4	0.0	0.0	0.0	0.0	0.428	NoExpr	Pending
chr14-21092344-21092345-T-C		1.0	1.0			ZNF219	K318E	1	WFLENHMKV	4	2	467.22	473.37	1.3	1.3	0.0	0.0	0.0	0.0	0.093	NoExpr	Pending
chrX-16693199-16693199-G-GT					1.0	CTPS2	FS194	1	SRSDCLPKF	0	1	469.61		0.17		0.0	0.0	0.0	0.0	0.166	NoExpr	Pending
chr16-10907728-10907729-C-A		1.0				CIITA	P747H	1	HYDNWLEGV	1	1	501.58	4177.92	1.3	3.9	0.0	0.0	0.0	0.0	0.121	NoExpr	Pending
chr8-143867461-143867463-AG-TC			3.0			EPPK1	L1931E	1	LEEAQAATGFL	2	3	504.77	6577.61	0.46	2.3	0.0	0.0	0.0	0.0	0.222	NoExpr	Pending
chr6-28326349-28326351-AGT-A					1.0	ZSCAN31	FS346	1	QRIHWREAL	5	1	528.74	29016.49	0.18	25.0	0.0	0.0	0.0	0.0	0.228	NoExpr	Pending
chrX-129919258-129919260-GA-TC				1.0		UTP14A	E208S	1	TPVSKASLRA	4	1	539.62	547.74	0.41	0.41	0.0	0.0	0.0	0.0	0.077	NoExpr	Pending
chr19-18281026-18281027-A-G				2.0		JUND	L153P	1	QPGAGAAAA	2	2	551.02	20029.81	0.41	8.3	0.0	0.0	0.0	0.0	0.044	NoExpr	Pending
chr6-71301671-71301673-AA-CC			1.0	1.0		OGFRL1	K327P	1	QPMSSPLAS	2	2	582.68	32312.2	0.44	22.0	0.0	0.0	0.0	0.0	0.099	NoExpr	Pending
chr12-25225637-25225639-AA-GG				2.0		KRAS	I142T	1	IPFTETSA	4	2	583.86	260.79	0.44	0.25	0.0	0.0	0.0	0.0	0.069	NoExpr	Pending
chr20-38034008-38034009-A-T			2.0			RPRD1B	Q21L	1	SELSNSQLSV	8	2	592.07	1187.44	0.49	0.76	0.0	0.0	0.0	0.0	0.105	NoExpr	Pending
chr6-139167198-139167199-T-G					1.0	HECA	V396G	1	HRNVGNCAL	5	1	592.51	298.76	0.2	0.09	0.0	0.0	0.0	0.0	0.097	NoExpr	Pending
chr7-29955270-29955272-GG-TC			1.0			SCRN1	A103G	1	AEMGGNEHGV	5	1	605.65	453.89	0.5	0.42	0.0	0.0	0.0	0.0	0.124	NoExpr	Pending
chr11-126250522-126250525-ATC-TGG		1.0				FAM118B	RS119-120RG	1	RTSNVRGTF	7	1	613.39	230.1	1.5	0.81	0.0	0.0	0.0	0.0	0.095	NoExpr	Pending
chr15-70066066-70066067-T-G				1.0		TLE3	Q175P	1	LALGALGSPA	9	1	615.66	2483.25	0.46	1.3	0.0	0.0	0.0	0.0	0.159	NoExpr	Pending
chr9-35813087-35813088-A-G					1.0	HINT2	L153P	1	IHVPGGRQL	4	1	620.46	1439.48	0.21	0.45	0.0	0.0	0.0	0.0	0.031	NoExpr	Pending
chr2-88174705-88174705-A-AGGCC		1.0		1.0		THNSL2	FS97	1	AWAERVGAVAW	0	2	637.21		1.5		0.0	0.0	0.0	0.0	0.2	NoExpr	Pending
chr3-133380324-133380325-C-G					1.0	TMEM108	T205R	1	GRNPSSRPL	7	1	690.08	939.58	0.23	0.3	0.0	0.0	0.0	0.0	0.095	NoExpr	Pending
chr1-68482740-68482741-T-G			1.0			DEPDC1	K356T	1	TEESDSTERL	1	1	692.86	370.83	0.54	0.39	0.0	0.0	0.0	0.0	0.133	NoExpr	Pending
chr16-84462075-84462078-TTT-AAC		1.0				ATP2C2	IY919-920KH	1	KHIPPLQRVF	1	1	696.23	4.76	1.6	0.04	0.0	0.0	0.0	0.0	0.133	NoExpr	Pending
chr7-24861735-24861738-TGTA-T					1.0	OSBPL3	LH301-302H	1	VRHSSNPNL	3	1	707.37	6685.24	0.24	2.4	0.0	0.0	0.0	0.0	0.3	NoExpr	Pending
chr6-43340833-43340834-C-A		1.0				ZNF318	G1151W	1	EFLGDPISW	9	1	708.81	32703.33	1.6	34.0	0.0	0.0	0.0	0.0	0.179	NoExpr	Pending
chr10-93347643-93347644-T-G			2.0			MYOF	K1408Q	1	QEDIVPQL	1	2	725.46	541.84	0.54	0.48	0.0	0.0	0.0	0.0	0.064	NoExpr	Pending
chr4-168224327-168224329-TT-GC			1.0			DDX60	K1580A	1	AEGRVAISPF	1	1	734.39	1394.17	0.55	0.84	0.0	0.0	0.0	0.0	0.091	NoExpr	Pending
chr6-34418379-34418380-C-T			1.0			RPS10	E149K	1	AEAGAGSATKF	10	1	757.08	597.61	0.56	0.49	0.0	0.0	0.0	0.0	0.027	NoExpr	Pending
chr1-15728303-15728305-CTG-C				2.0		PLEKHM2	FS623	1	LPAPERGHREA	0	2	764.41		0.53		0.0	0.0	0.0	0.0	0.049	NoExpr	Pending
chr7-904208-904208-A-ATC				2.0		ADAP1	FS200	1	TPTACRSPT	0	2	777.73		0.54		0.0	0.0	0.0	0.0	0.089	NoExpr	Pending
chr3-113017595-113017596-C-G				1.0		NEPRO	C38S	1	AALDLSIAA	6	1	778.65	1126.26	0.54	0.68	0.0	0.0	0.0	0.0	0.087	NoExpr	Pending
chr11-44077355-44077356-T-A		1.0				ACCS	Y212N	1	LYGNIRLANV	9	1	781.38	418.75	1.7	1.2	0.0	0.0	0.0	0.0	0.153	NoExpr	Pending
chr7-43869462-43869464-CC-AG		1.0				MRPS24	G11A	1	LLAPRVLSW	3	1	811.31	1583.72	1.7	2.3	0.0	0.0	0.0	0.0	0.069	NoExpr	Pending
chr16-16079458-16079459-A-G			1.0			ABCC1	E699G	1	AEMDKVGGHV	7	1	832.22	1250.28	0.59	0.79	0.0	0.0	0.0	0.0	0.086	NoExpr	Pending
chr5-138186003-138186005-CA-GC		1.0				KIF20A	AK723-724AQ	1	MLEPPPSAQPF	9	1	868.36	3844.79	1.7	3.7	0.0	0.0	0.0	0.0	0.076	NoExpr	Pending
chr15-66523715-66523716-A-G			1.0			ZWILCH	N263D	1	GEPRGPLDHL	8	1	872.41	1119.32	0.61	0.74	0.0	0.0	0.0	0.0	0.158	NoExpr	Pending
chr3-194623557-194623559-GT-CC					1.0	TMEM44	PQ165-166PE	1	IRGPERRLL	5	1	874.79	582.43	0.28	0.2	0.0	0.0	0.0	0.0	0.067	NoExpr	Pending
chr9-128952835-128952836-A-C		1.0				NUP188	K51Q	1	YYQPPSPSS	3	1	876.18	2009.83	1.7	2.6	0.0	0.0	0.0	0.0	0.154	NoExpr	Pending
chr14-105529520-105529523-CGT-GAG		1.0				TMEM121	AV229-230AR	1	RLARAANMALF	1	1	882.33	2848.78	1.7	3.1	0.0	0.0	0.0	0.0	0.25	NoExpr	Pending
chr22-20804349-20804350-A-G				1.0		PI4KA	S471P	1	TPSKVIIA	2	1	889.09	23659.9	0.59	12.0	0.0	0.0	0.0	0.0	0.209	NoExpr	Pending
chr19-50046251-50046252-T-A		1.0				ZNF473	S603R	1	AFGQRTRLI	5	1	893.75	286.02	1.8	0.91	0.0	0.0	0.0	0.0	0.2	NoExpr	Pending
chr1-214378068-214378069-C-G				1.0		PTPN14	A860P	1	EPQKRPLMLAA	2	1	898.59	5451.05	0.59	2.2	0.0	0.0	0.0	0.0	0.154	NoExpr	Pending
chr7-155763868-155763869-C-T				1.0		RBM33	P1013S	1	SPEVGPQPA	1	1	908.39	19229.64	0.6	7.8	0.0	0.0	0.0	0.0	0.25	NoExpr	Pending
chrX-41523972-41523973-G-A				1.0		CASK	T856I	1	FVVFIAAPI	9	1	912.32	956.01	0.6	0.62	0.0	0.0	0.0	0.0	0.06	NoExpr	Pending
chr1-3784008-3784009-A-G					1.0	LRRC47	S433P	1	SVPGLHRYL	3	1	912.78	2114.93	0.29	0.65	0.0	0.0	0.0	0.0	0.132	NoExpr	Pending
chr13-52029098-52029099-T-A			1.0			UTP14C	L99M	1	LEPVKTSSSM	10	1	920.87	182.43	0.64	0.26	0.0	0.0	0.0	0.0	0.2	NoExpr	Pending
chr3-129401812-129401814-GT-TC		1.0				EFCAB12	T500E	1	LQQEHPNSF	4	1	932.27	1564.34	1.8	2.3	0.0	0.0	0.0	0.0	0.167	NoExpr	Pending
chr11-72231016-72231017-T-A			1.0			INPPL1	V442E	1	NETSWFTSKGL	2	1	932.42	36336.34	0.65	32.0	0.0	0.0	0.0	0.0	0.11	NoExpr	Pending
chr4-121141912-121141914-AT-GG				1.0		TNIP3	M340P	1	QPYCPPCNC	2	1	950.81	21017.34	0.62	8.9	0.0	0.0	0.0	0.0	0.083	NoExpr	Pending
chr10-103093201-103093202-A-T					1.0	NT5C2	W366R	1	KRQGRRTFL	5	1	978.98	459.2	0.31	0.16	0.0	0.0	0.0	0.0	0.166	NoExpr	Pending
chr2-156325972-156325973-C-T						NR4A2	R523K	0	KEPKKVEEL	5	0	1013.25	939.92	0.68	0.65	0.0	0.0	0.0	0.0	0.08	NoExpr	Pending
chr11-77921350-77921351-G-A						INTS4	P585S	0	DSLSHLVSA	8	0	1023.03	723.15	0.65	0.5	0.0	0.0	0.0	0.0	0.214	NoExpr	Pending
chr15-100973951-100973953-GT-CG						LRRK1	AS82-83AA	0	AQLEKGQLL	1	0	1033.17	1243.28	0.69	0.79	0.0	0.0	0.0	0.0	0.143	NoExpr	Pending
chr10-86943227-86943228-T-C						MMRN2	Q519R	0	LEETRVSL	5	0	1038.77	693.3	0.7	0.54	0.0	0.0	0.0	0.0	0.087	NoExpr	Pending
chr1-196679640-196679642-CA-TC						CFH	P213L	0	VEISCKSLDVI	8	0	1045.38	1333.92	0.7	0.82	0.0	0.0	0.0	0.0	0.187	NoExpr	Pending
chr2-65314026-65314027-G-A						SPRED2	S244L	0	LEDADSSYV	1	0	1062.16	605.76	0.71	0.5	0.0	0.0	0.0	0.0	0.163	NoExpr	Pending
chr10-77843477-77843477-A-AG						DLG5	FS365	0	TAIQPAAPV	5	0	1092.74		0.67		0.0	0.0	0.0	0.0	0.132	NoExpr	Pending
chr19-43747865-43747866-G-T						SMG9	A86D	0	APDAPPAPA	3	0	1113.86	100.28	0.68	0.14	0.0	0.0	0.0	0.0	0.133	NoExpr	Pending
chr17-82830446-82830447-C-G						ZNF750	A623P	0	GEEAPDACPV	9	0	1115.39	1114.55	0.74	0.74	0.0	0.0	0.0	0.0	0.116	NoExpr	Pending
chr6-63211688-63211690-AA-CC						FKBP1C	K45P	0	RNPPFKFML	3	0	1124.27	4739.59	2.0	4.2	0.0	0.0	0.0	0.0	0.116	NoExpr	Pending
chr11-5679144-5679145-T-G						TRIM5	M148L	0	KLQAALELL	8	0	1147.53	2253.2	2.0	2.8	0.0	0.0	0.0	0.0	0.087	NoExpr	Pending
chr7-101234293-101234295-GG-AT						CLDN15	A122D	0	TAGDLHILA	4	0	1147.87	964.55	0.69	0.63	0.0	0.0	0.0	0.0	0.141	NoExpr	Pending
chr16-4884083-4884084-T-G						PPL	E1524A	0	AEESRSKREL	1	0	1195.11	8300.7	0.77	2.8	0.0	0.0	0.0	0.0	0.032	NoExpr	Pending
chr17-61590581-61590582-T-A						NACA2	K200M	0	SRAKAVRALM	10	0	1216.57	10195.08	0.38	3.8	0.0	0.0	0.0	0.0	0.1	NoExpr	Pending
chr2-108308375-108308376-CA-C						SULT1C2	FS279	0	LPRMRGLMKS	0	0	1226.69		0.72		0.0	0.0	0.0	0.0	0.1	NoExpr	Pending
chr10-70376508-70376509-C-G						LRRC20	V9L	0	GEALARVARKV	4	0	1253.76	2101.57	0.79	1.2	0.0	0.0	0.0	0.0	0.179	NoExpr	Pending
chr19-8316514-8316515-A-G						NDUFA7	S78P	0	VPGKPAESSA	2	0	1288.16	26262.11	0.74	14.0	0.0	0.0	0.0	0.0	0.077	NoExpr	Pending
chr2-112568117-112568119-TA-CC						POLR1B	L671P	0	KEEPIGTM	4	0	1295.29	1268.24	0.8	0.79	0.0	0.0	0.0	0.0	0.056	NoExpr	Pending
chr11-77122048-77122049-G-A						CAPN5	G535R	0	TRANSYVII	2	0	1310.87	16916.73	0.42	7.9	0.0	0.0	0.0	0.0	0.065	NoExpr	Pending
chr20-32433771-32433773-AA-TT						ASXL1	K525I	0	ISFEQAASA	1	0	1337.3	5383.29	0.75	2.1	0.0	0.0	0.0	0.0	0.111	NoExpr	Pending
chr7-1446742-1446744-TC-GG						MICALL2	D204P	0	RHLAPGRLY	5	0	1346.49	2583.11	0.42	0.78	0.0	0.0	0.0	0.0	0.197	NoExpr	Pending
chr12-123712641-123712642-T-C						ATP6V0A2	L26P	0	TAYECPSAL	6	0	1349.92	1645.56	0.42	0.51	0.0	0.0	0.0	0.0	0.25	NoExpr	Pending
chr1-92182519-92182521-GT-TA						BTBD8	V1100Y	0	QYLPQEGPV	2	0	1352.73	34819.11	2.1	39.0	0.0	0.0	0.0	0.0	0.133	NoExpr	Pending
chr20-63564631-63564632-T-G						HELZ2	Y1397S	0	FSAPGREPV	2	0	1356.23	9175.75	0.76	3.4	0.0	0.0	0.0	0.0	0.2	NoExpr	Pending
chr6-7295413-7295413-G-GA						SSR1	FS257-258	0	SWIPSGNI	5	0	1407.98	689.66	2.199	1.6	0.0	0.0	0.0	0.0	0.045	NoExpr	Pending
chr14-104886055-104886056-G-C						CEP170B	G654A	0	LPVPASPGG	5	0	1450.57	1809.78	0.8	0.94	0.0	0.0	0.0	0.0	0.187	NoExpr	Pending
chr12-5981942-5981943-G-C						VWF	P2377R	0	CPRHRLPTL	3	0	1463.95	6544.46	0.81	2.5	0.0	0.0	0.0	0.0	0.094	NoExpr	Pending
chr5-177516148-177516149-T-G						DDX41	K115Q	0	KEEEQILESV	5	0	1478.65	1713.55	0.88	0.96	0.0	0.0	0.0	0.0	0.049	NoExpr	Pending
chr16-64998811-64998812-A-C						CDH11	I91M	0	KYMLSGEGA	3	0	1515.36	2662.51	2.301	3.0	0.0	0.0	0.0	0.0	0.286	NoExpr	Pending
chr6-33441650-33441652-AC-TA						SYNGAP1	N729I	0	NPIIQRQPS	3	0	1560.15	3854.87	0.85	1.7	0.0	0.0	0.0	0.0	0.25	NoExpr	Pending
chr1-99728574-99728576-GT-AA						FRRS1	N308I	0	VMQCSFRRI	9	0	1603.93	31921.28	2.301	32.0	0.0	0.0	0.0	0.0	0.286	NoExpr	Pending
chr21-37225583-37225584-A-T						VPS26C	L285H	0	LHPDHHITENF	6	0	1619.94	1533.97	2.4	2.3	0.0	0.0	0.0	0.0	0.154	NoExpr	Pending
chr5-122070141-122070143-AA-CC						LOX	V386G	0	NPSYLGPES	6	0	1639.04	792.16	0.87	0.55	0.0	0.0	0.0	0.0	0.083	NoExpr	Pending
chr12-113429281-113429283-GT-CC						SDSL	V113P	0	AEPQLTGKV	3	0	1676.25	202.91	0.94	0.28	0.0	0.0	0.0	0.0	0.1	NoExpr	Pending
chr9-137106290-137106291-T-C						MAN1B1	I474T	0	SYYEYLLKQWT	11	0	1689.95	90.08	2.4	0.49	0.0	0.0	0.0	0.0	0.044	NoExpr	Pending
chr6-42068537-42068538-G-C						TAF8	M237I	0	LPSELEMQQI	10	0	1757.22	7077.43	0.92	2.7	0.0	0.0	0.0	0.0	0.167	NoExpr	Pending
chr3-158659008-158659009-A-G						GFM1	K410E	0	IYNTRTREKV	8	0	1786.9	7310.21	2.5	5.6	0.0	0.0	0.0	0.0	0.184	NoExpr	Pending
chr12-57956702-57956703-G-C						ATP23	R185T	0	VRDTATLSI	4	0	1793.27	2535.32	0.56	0.76	0.0	0.0	0.0	0.0	0.095	NoExpr	Pending
chr2-3388506-3388507-C-T						TRAPPC12	A295V	0	SDDPFVTAL	6	0	1873.42	1765.26	1.1	0.98	0.0	0.0	0.0	0.0	0.065	NoExpr	Pending
chr21-17565518-17565520-AA-CT						CXADR	N309L	0	MSPSLMEGYS	5	0	1923.35	3163.47	0.98	1.5	0.0	0.0	0.0	0.0	0.105	NoExpr	Pending
chr14-32091666-32091667-A-G						ARHGAP5	K333R	0	RRREEYINTL	1	0	1927.85	3227.43	0.6	1.2	0.0	0.0	0.0	0.0	0.222	NoExpr	Pending
chr22-45931306-45931307-C-G						WNT7B	A121P	0	VAHAVTPAC	7	0	1984.74	2228.11	1.0	1.2	0.0	0.0	0.0	0.0	0.182	NoExpr	Pending
chr11-57310387-57310388-T-C						TNKS1BP1	T775A	0	WASKYGQGA	2	0	2047.32	7907.0	1.2	2.9	0.0	0.0	0.0	0.0	0.048	NoExpr	Pending
chr22-37840213-37840214-A-G						ANKRD54	S117P	0	HALKRLRDPA	9	0	2081.79	2999.44	1.2	1.4	0.0	0.0	0.0	0.0	0.147	NoExpr	Pending
chr17-2061559-2061560-T-G						SMG6	K1398Q	0	DRNLRVQAL	7	0	2087.74	4067.49	0.64	1.4	0.0	0.0	0.0	0.0	0.111	NoExpr	Pending
chr12-68856511-68856513-CA-GT						CPM	L419Y	0	YRNYPDHSA	4	0	2134.15	2640.5	0.65	0.81	0.0	0.0	0.0	0.0	0.141	NoExpr	Pending
chr10-1103674-1103675-G-C						WDR37	C267S	0	SPTIRVPLT	1	0	2193.61	654.67	1.2	0.47	0.0	0.0	0.0	0.0	0.5	NoExpr	Pending
chr1-39372576-39372578-TG-CT						MACF1	PD2336-2337PY	0	LIMEITAPY	9	0	2257.57	34439.2	0.69	39.0	0.0	0.0	0.0	0.0	0.167	NoExpr	Pending
chr7-76482870-76482871-C-T						DTX2	S211L	0	LGRYRHSMTNL	1	0	2271.41	1289.5	2.801	2.1	0.0	0.0	0.0	0.0	0.077	NoExpr	Pending
chr4-56009791-56009793-GC-TG						CEP135	QL798-799HV	0	REINSLRRHV	9	0	2312.3	199.87	1.3	0.28	0.0	0.0	0.0	0.0	0.111	NoExpr	Pending
chr10-70534486-70534487-T-C						PALD1	L362P	0	SFPRMVPQG	3	0	2313.63	5282.95	2.801	4.5	0.0	0.0	0.0	0.0	0.166	NoExpr	Pending
chr7-131466342-131466344-TGG-T						MKLN1	FS619	0	MRLDDFFTEV	7	0	2318.91	6205.72	0.69	2.2	0.0	0.0	0.0	0.0	0.055	NoExpr	Pending
chr1-212615084-212615085-T-G						ATF3	C22G	0	GLSPPGSLVF	1	0	2364.42	647.07	2.801	1.5	0.0	0.0	0.0	0.0	0.09	NoExpr	Pending
chr4-153788366-153788367-T-C						SFRP2	S157G	0	LAGSDHLLPA	3	0	2441.55	1552.69	1.3	0.84	0.0	0.0	0.0	0.0	0.142	NoExpr	Pending
chr17-18234090-18234091-G-T						LLGL1	K210N	0	LRDPTNILI	6	0	2468.75	3449.24	0.74	1.2	0.0	0.0	0.0	0.0	0.154	NoExpr	Pending
chr15-90067776-90067777-A-C						ZNF710	T214P	0	LPGPEALPP	9	0	2510.94	1357.21	1.3	0.76	0.0	0.0	0.0	0.0	0.193	NoExpr	Pending
chr3-129436799-129436799-C-CT						MBD4	FS282	0	EPVAQKKSA	7	0	2539.16	21390.14	1.3	9.2	0.0	0.0	0.0	0.0	0.118	NoExpr	Pending
chr17-67078414-67078415-C-G						HELZ	G1890A	0	SPQSSAAGKPA	7	0	2554.51	4203.23	1.3	1.8	0.0	0.0	0.0	0.0	0.125	NoExpr	Pending
chr1-110963655-110963657-TT-GC						LRIF1	K11S	0	SPAEENSGNA	1	0	2560.29	6247.22	1.3	2.4	0.0	0.0	0.0	0.0	0.1	NoExpr	Pending
chr10-69633020-69633022-GG-CA						FAM241B	G110H	0	VRGLLLVHL	8	0	2688.04	4854.34	0.82	1.7	0.0	0.0	0.0	0.0	0.069	NoExpr	Pending
chr15-37095610-37095611-G-C						MEIS2	R131G	0	KQVGAEKPL	4	0	2744.7	3494.69	1.4	1.6	0.0	0.0	0.0	0.0	0.25	NoExpr	Pending
chr20-62905910-62905911-G-A						DIDO1	P522S	0	AASSPSLLY	3	0	2773.48	1608.99	0.86	0.5	0.0	0.0	0.0	0.0	0.055	NoExpr	Pending
chr2-128014858-128014859-A-C						SAP130	I214S	0	MSISRSNAP	4	0	2840.72	3146.95	1.4	1.5	0.0	0.0	0.0	0.0	0.133	NoExpr	Pending
chr9-113178721-113178721-C-CT						FKBP15	FS665	0	AHQSAGKAL	0	0	2898.5		0.9		0.0	0.0	0.0	0.0	0.199	NoExpr	Pending
chr10-110889566-110889567-A-G						PDCD4	D271G	0	ARAVGGGIL	6	0	2898.81	6087.15	0.9	2.1	0.0	0.0	0.0	0.0	0.062	NoExpr	Pending
chr14-105286343-105286344-A-G						BRF1	F73L	0	TPTLGGGLHV	8	0	2978.91	1667.95	1.4	0.88	0.0	0.0	0.0	0.0	0.234	NoExpr	Pending
chr20-45479967-45479968-A-G						WFDC2	N84D	0	CPQVDINFP	5	0	2991.86	1449.73	1.4	0.8	0.0	0.0	0.0	0.0	0.01	NoExpr	Pending
chr6-111566486-111566487-T-G						TRAF3IP2	D487A	0	AEDEHGLHT	1	0	3071.0	21703.93	1.5	8.2	0.0	0.0	0.0	0.0	0.103	NoExpr	Pending
chr16-30704141-30704142-G-A						SRCAP	G45S	0	SPASSGAGS	9	0	3125.37	8379.48	1.5	3.1	0.0	0.0	0.0	0.0	0.182	NoExpr	Pending
chr1-46347036-46347038-GG-TC						NSUN4	G185V	0	CAAPVGKTLA	5	0	3176.47	7422.11	1.5	2.8	0.0	0.0	0.0	0.0	0.045	NoExpr	Pending
chr17-40264914-40264917-TCT-AGA						WIPF2	S247R	0	RLAPPPPPY	1	0	3249.58	3019.79	1.2	0.95	0.0	0.0	0.0	0.0	0.118	NoExpr	Pending
chr19-58262652-58262653-T-A						ZNF544	S683T	0	HRIHTGEKPY	5	0	3309.76	3338.06	1.2	1.2	0.0	0.0	0.0	0.0	0.143	NoExpr	Pending
chr22-38683766-38683767-A-T						TOMM22	I119L	0	QQLQQRQLL	8	0	3310.94	3502.26	1.6	1.6	0.0	0.0	0.0	0.0	0.083	NoExpr	Pending
chr10-119826837-119826838-C-A						INPP5F	N819K	0	NFLKPKLKV	6	0	3481.07	2215.37	3.5	2.8	0.0	0.0	0.0	0.0	0.286	NoExpr	Pending
chr1-25491479-25491480-A-G						MACO1	D563G	0	AMQGKTQHL	4	0	3532.9	3826.53	3.5	3.7	0.0	0.0	0.0	0.0	0.038	NoExpr	Pending
chr10-29522595-29522597-GT-AC						SVIL	T1068V	0	EPTSEQTGVAA	9	0	3535.96	5727.17	1.6	2.3	0.0	0.0	0.0	0.0	0.089	NoExpr	Pending
chrX-48523790-48523791-C-T						EBP	P7L	0	LLHPYWPQHL	1	0	3567.51	11647.3	1.3	4.5	0.0	0.0	0.0	0.0	0.055	NoExpr	Pending
chr11-106810064-106810066-CA-TG						GUCY1A2	M540T	0	CTPTQVISM	4	0	3578.22	4393.07	1.3	1.5	0.0	0.0	0.0	0.0	0.167	NoExpr	Pending
chr5-138467275-138467276-G-T						EGR1	G276V	0	KPFQVLESRT	5	0	3638.81	6334.28	1.6	2.4	0.0	0.0	0.0	0.0	0.023	NoExpr	Pending
chr11-18269311-18269312-C-T						SAA1	A70V	0	GPGGVWAA	5	0	3703.15	6318.46	1.7	2.4	0.0	0.0	0.0	0.0	0.05	NoExpr	Pending
chr3-46459777-46459778-C-T						LTF	A29T	0	RRSVQWCTV	8	0	3720.3	3399.96	1.3	1.2	0.0	0.0	0.0	0.0	0.796	NoExpr	Pending
chr3-196561323-196561324-G-C						WDR53	A51G	0	RFQGGDDVTSV	5	0	3821.56	2638.82	3.699	3.0	0.0	0.0	0.0	0.0	0.099	NoExpr	Pending
chr1-94824616-94824617-A-G						SLC44A3	Q87R	0	RDMTLKKHVFF	1	0	3871.71	12629.41	3.699	8.7	0.0	0.0	0.0	0.0	0.143	NoExpr	Pending
chr7-156963029-156963054-TCTGAGACGCAGCTTCGCGTCTCCTG-T						NOM1	FS589-597	0	RNAGSGWTV	7	0	3882.24	40670.16	3.801	63.0	0.0	0.0	0.0	0.0	0.1	NoExpr	Pending
chr15-72724562-72724564-TA-GG						BBS4	NR165-166KG	0	NLKGHDLTY	3	0	3918.96	3502.18	1.4	1.2	0.0	0.0	0.0	0.0	0.111	NoExpr	Pending
chr7-105508416-105508416-G-GT						PUS7	FS32-33	0	EETKKTEAV	6	0	4185.34	37863.49	1.7	38.0	0.0	0.0	0.0	0.0	0.265	NoExpr	Pending
chr19-34409208-34409209-G-A						PDCD2L	D129N	0	AEDWCEGADNW	10	0	4268.99	10269.14	4.0	7.3	0.0	0.0	0.0	0.0	0.111	NoExpr	Pending
chr16-2938425-2938426-C-T						FLYWCH1	L674F	0	FPTTAQQEDP	1	0	4457.57	14847.92	1.9	5.5	0.0	0.0	0.0	0.0	0.073	NoExpr	Pending
chr12-52519963-52519965-AG-CA						KRT5	A111V	0	GFGGGVGGGF	6	0	4521.98	6953.18	4.102	5.4	0.0	0.0	0.0	0.0	0.197	NoExpr	Pending
chr19-45396906-45396907-C-T						PPP1R13L	R117Q	0	SPLSPKGQPS	8	0	4668.44	4892.26	1.9	2.0	0.0	0.0	0.0	0.0	0.143	NoExpr	Pending
chr14-92142261-92142262-T-A						CPSF2	W254R	0	IRRTKDAGL	2	0	4759.17	13177.45	1.6	5.4	0.0	0.0	0.0	0.0	0.159	NoExpr	Pending
chr3-170391176-170391176-G-GA						SKIL	FS604-605	0	ADNEAKMYL	0	0	4812.77		1.9		0.0	0.0	0.0	0.0	0.157	NoExpr	Pending
chr10-69258795-69258796-CT-C						HKDC1	FS685	0	GTGSNMCTW	8	0	4988.31	16284.21	4.301	12.0	0.0	0.0	0.0	0.0	0.2	NoExpr	Pending
chr5-90405756-90405757-C-T						CETN3	V66I	0	KKADILKIL	5	0	5108.75	5596.39	1.8	1.9	0.0	0.0	0.0	0.0	0.088	NoExpr	Pending
chr2-218679935-218679937-CC-GT						STK36	T331S	0	QEDKSSKVA	5	0	5111.45	5070.64	2.0	2.0	0.0	0.0	0.0	0.0	0.154	NoExpr	Pending
chr13-27567658-27567661-GCA-TTC						LNX2	LA278-279LN	0	RLLNGDQIL	4	0	5117.32	4581.38	4.398	4.1	0.0	0.0	0.0	0.0	0.152	NoExpr	Pending
chr21-32349399-32349401-AT-CG						URB1	D972A	0	VVHCEQLAA	8	0	5129.52	20814.35	2.1	8.8	0.0	0.0	0.0	0.0	0.13	NoExpr	Pending
chr2-112757126-112757127-G-A						CKAP2L	P82S	0	LQPRSPNTAG	5	0	5179.65	4440.1	2.1	1.9	0.0	0.0	0.0	0.0	0.167	NoExpr	Pending
chr17-35353017-35353018-C-T						SLFN11	G682R	0	YRKAKSITR	2	0	5235.55	14310.86	1.8	6.0	0.0	0.0	0.0	0.0	0.373	NoExpr	Pending
chr12-53486567-53486568-C-G						MAP3K12	G167A	0	SAAQGAVFL	2	0	5287.58	12027.02	1.8	4.7	0.0	0.0	0.0	0.0	0.111	NoExpr	Pending
chr12-102178691-102178693-CC-GG						PARPBP	T446R	0	RKNKAELLY	1	0	5342.44	5922.14	1.8	2.0	0.0	0.0	0.0	0.0	0.182	NoExpr	Pending
chr17-6445304-6445306-AG-CC						PIMREG	AG65-66AR	0	RPSWKRLET	1	0	5440.33	10214.95	2.199	3.7	0.0	0.0	0.0	0.0	0.1	NoExpr	Pending
chr8-143310115-143310116-A-T						TOP1MT	L552Q	0	KQVAQGTSKL	5	0	5451.87	2827.14	2.1	1.4	0.0	0.0	0.0	0.0	0.046	NoExpr	Pending
chr1-223544795-223544796-T-C						CAPN8	M630V	0	VRTALRKAGF	1	0	5468.3	2564.37	1.9	0.77	0.0	0.0	0.0	0.0	0.213	NoExpr	Pending
chr1-120832969-120832970-C-T						NBPF26	P1120S	0	GEEDQNSPC	7	0	5571.5	4048.91	2.1	1.7	0.0	0.0	0.0	0.0	0.116	NoExpr	Pending
chr7-151345442-151345442-T-TA						NUB1	FS55-56	0	SWFGIKGPC	1	0	5579.22		4.602		0.0	0.0	0.0	0.0	0.071	NoExpr	Pending
chr2-97513316-97513317-A-C						ANKRD36B	L890V	0	VHQKVREKL	1	0	5607.6	5719.99	1.9	2.0	0.0	0.0	0.0	0.0	0.041	NoExpr	Pending
chr16-89669361-89669362-T-A						SPATA33	N96K	0	TRASKETLV	5	0	5630.4	4377.56	2.0	1.5	0.0	0.0	0.0	0.0	0.053	NoExpr	Pending
chr19-6737562-6737563-T-C						GPR108	E5G	0	MAVSGRRGL	5	0	6006.16	8649.38	2.1	3.2	0.0	0.0	0.0	0.0	0.143	NoExpr	Pending
chr12-132064748-132064749-C-G						EP400	Q2806E	0	APPEPTAQV	4	0	6011.56	7895.97	2.301	2.9	0.0	0.0	0.0	0.0	0.099	NoExpr	Pending
chr18-55234670-55234671-G-A						TCF4	R557C	0	THCEDGVAL	3	0	6074.45	2125.76	2.1	0.65	0.0	0.0	0.0	0.0	0.124	NoExpr	Pending
chr12-112179027-112179029-TG-GC						HECTD4	SK3753-3754RQ	0	YRQAGKEQH	2	0	6345.73	21773.79	2.199	14.0	0.0	0.0	0.0	0.0	0.105	NoExpr	Pending
chr12-39351820-39351820-C-CT						KIF21A	FS543-544	0	LAKKRFREV	5	0	6402.63		2.301		0.0	0.0	0.0	0.0	0.185	NoExpr	Pending
chr9-96417862-96417864-AT-TC						ZNF367	I57D	0	GEPEPPPPLD	10	0	6536.6	1371.93	2.301	0.83	0.0	0.0	0.0	0.0	0.089	NoExpr	Pending
chr7-129512258-129512258-G-GA						SMKR1	FS5-6	0	SQPRGHAEPL	0	0	6618.02		2.4		0.0	0.0	0.0	0.0	0.167	NoExpr	Pending
chr1-10665245-10665247-CA-AG						CASZ1	L114P	0	REGPELPPEGV	4	0	6877.31	7135.33	2.4	2.5	0.0	0.0	0.0	0.0	0.166	NoExpr	Pending
chr17-63825588-63825590-TT-CG						FTSJ3	N116R	0	RDGAPNVGASW	1	0	6885.43	18788.89	5.301	14.0	0.0	0.0	0.0	0.0	0.167	NoExpr	Pending
chr1-226377111-226377112-C-T						PARP1	G646D	0	YPLEIDYDQ	8	0	7223.88	3795.72	2.699	1.7	0.0	0.0	0.0	0.0	0.118	NoExpr	Pending
chr6-149863776-149863777-C-A						LRP11	G82C	0	LELRACGGP	6	0	8876.73	8977.09	3.0	3.0	0.0	0.0	0.0	0.0	0.167	NoExpr	Pending
chr1-151288662-151288664-CT-TG						ZNF687	L751C	0	FQTHCREACL	5	0	9411.43	7628.51	3.1	2.6	0.0	0.0	0.0	0.0	0.06	NoExpr	Pending
chr2-6851507-6851508-C-G						CMPK2	G390R	0	LQRLQGRRM	8	0	9463.51	11544.3	3.5	4.4	0.0	0.0	0.0	0.0	0.133	NoExpr	Pending
chr20-419447-419448-G-A						RBCK1	A188T	0	TVPEPPPVGW	1	0	9483.29	8720.99	6.801	6.4	0.0	0.0	0.0	0.0	0.199	NoExpr	Pending
chr7-143397631-143397632-C-A						EPHA1	E547D	0	GDIVAVIFGL	2	0	9620.54	39.31	3.1	0.08	0.0	0.0	0.0	0.0	0.115	NoExpr	Pending
chr1-35020428-35020430-AC-TT						ZMYM6	S44K	0	KTQEKKLKI	5	0	9703.12	7297.97	6.898	5.6	0.0	0.0	0.0	0.0	0.219	NoExpr	Pending
chr1-33024472-33024472-C-CT						AK2	FS63	0	AEGNYGCWET	1	0	10103.28		3.301		0.0	0.0	0.0	0.0	0.041	NoExpr	Pending
chr7-102234213-102234215-TG-AC						CUX1	M1210N	0	VEKLNDMKRM	5	0	10140.19	8807.85	3.301	2.9	0.0	0.0	0.0	0.0	0.154	NoExpr	Pending
chr1-234609201-234609202-T-C						IRF2BP2	Q98R	0	ILLQQQQRL	8	0	10250.16	8413.0	7.301	6.2	0.0	0.0	0.0	0.0	0.025	NoExpr	Pending
chr8-120419900-120419900-G-GT						MRPL13	FS115	0	NNDGKVASF	0	0	10556.53		4.0		0.0	0.0	0.0	0.0	0.066	NoExpr	Pending
chr4-443077-443078-A-C						ZNF721	H463Q	0	LHLNKQEKI	6	0	11151.92	7170.77	7.801	5.5	0.0	0.0	0.0	0.0	0.182	NoExpr	Pending
chr1-208217662-208217664-GG-TC						PLXNA2	P87E	0	GEEEDNKSC	2	0	11208.41	43027.24	3.6	67.0	0.0	0.0	0.0	0.0	0.154	NoExpr	Pending
chr11-104954982-104954982-C-CT						CASP4	FS9	0	MAEGNHRKKA	10	0	11605.8	32539.9	4.199	23.0	0.0	0.0	0.0	0.0	0.085	NoExpr	Pending
chr19-40215166-40215167-A-T						MAP3K10	S914C	0	RTLTISPPC	9	0	11768.66	13054.13	4.301	4.8	0.0	0.0	0.0	0.0	0.089	NoExpr	Pending
chr9-114345926-114345927-A-C						AKNA	D1199E	0	REGKRGVGSA	2	0	11867.76	37834.8	3.801	38.0	0.0	0.0	0.0	0.0	0.111	NoExpr	Pending
chr6-53498768-53498770-TC-GG						GCLC	D634P	0	KYSGSKTPSS	8	0	11970.93	16326.55	8.297	12.0	0.0	0.0	0.0	0.0	0.083	NoExpr	Pending
chr4-77048531-77048532-T-C						CCNI	K274R	0	HTLVTCDRGVF	8	0	12315.41	12777.03	8.5	8.8	0.0	0.0	0.0	0.0	0.028	NoExpr	Pending
chr15-49634665-49634665-A-AT						DTWD1	FS180	0	DKPSFKRKM	9	0	12344.89	37394.48	4.801	49.0	0.0	0.0	0.0	0.0	0.085	NoExpr	Pending
chr7-80135170-80135171-C-T						GNAI1	T4M	0	MLSAEDKAA	1	0	12940.5	27689.92	4.801	16.0	0.0	0.0	0.0	0.0	0.286	NoExpr	Pending
chr1-156134808-156134809-T-A						LMNA	L215Q	0	IYSEEQRET	6	0	13006.76	8927.78	5.301	3.3	0.0	0.0	0.0	0.0	0.051	NoExpr	Pending
chr1-66946229-66946231-TT-AA						MIER1	L92K	0	KEEEEMMEG	1	0	13511.83	19796.68	4.398	7.1	0.0	0.0	0.0	0.0	0.091	NoExpr	Pending
chr12-49556422-49556423-T-C						KCNH3	F841S	0	QPKFSSRVG	6	0	13565.29	7568.49	5.0	2.8	0.0	0.0	0.0	0.0	0.4	NoExpr	Pending
chr17-81845178-81845179-C-G						P4HB	E471Q	0	GFKKFLQSG	7	0	14124.72	14426.21	9.602	9.8	0.0	0.0	0.0	0.0	0.125	NoExpr	Pending
chr4-48857246-48857246-G-GA						OCIAD1	FS194	0	SPKRKKYYI	6	0	14127.02	20238.06	5.199	8.4	0.0	0.0	0.0	0.0	0.092	NoExpr	Pending
chr19-55695338-55695339-A-G						EPN1	N658D	0	APNTDPFLL	5	0	15249.75	10326.3	5.801	3.7	0.0	0.0	0.0	0.0	0.083	NoExpr	Pending
chr20-36904178-36904182-CTTCA-C						SAMHD1	FS493-494	0	KVLLDVKRL	8	0	15592.79	35795.47	12.0	42.0	0.0	0.0	0.0	0.0	0.076	NoExpr	Pending
chr7-39950950-39950951-A-G						CDK13	K104E	0	RRAGGRQER	8	0	15609.67	19766.29	7.0	12.0	0.0	0.0	0.0	0.0	0.333	NoExpr	Pending
chr16-30979855-30979856-A-T						SETD1A	Q1357L	0	EEPKPQQLQQL	11	0	15791.44	45606.22	5.301	88.0	0.0	0.0	0.0	0.0	0.111	NoExpr	Pending
chr9-137243702-137243704-TA-AT						FAM166A	L317H	0	KEWAKRNHTH	10	0	16910.33	225.21	5.699	0.3	0.0	0.0	0.0	0.0	0.079	NoExpr	Pending
chr6-31995126-31995127-A-C						C4A	E959D	0	DHRGRTLDI	8	0	18054.699	10191.33	8.797	3.8	0.0	0.0	0.0	0.0	0.274	NoExpr	Pending
chr2-47416306-47416307-A-T						MSH2	E318D	0	VDDTTGSQSL	2	0	18515.439	104.22	6.398	0.18	0.0	0.0	0.0	0.0	0.106	NoExpr	Pending
chr14-102083092-102083092-G-GT						HSP90AA1	FS688	0	KQEEKKNKV	7	0	18909.619	12984.26	6.602	4.2	0.0	0.0	0.0	0.0	0.028	NoExpr	Pending
chr3-183959765-183959767-CT-TC						ABCC5	SV816-817SI	0	SQDKGPKTGSI	11	0	19354.461	22501.39	6.801	8.7	0.0	0.0	0.0	0.0	0.074	NoExpr	Pending
chr15-49012698-49012698-C-CT						SECISBP2L	FS560-561	0	REGNCKTKT	0	0	20682.57		7.602		0.0	0.0	0.0	0.0	0.333	NoExpr	Pending
chr4-145120071-145120071-G-GA						ABCE1	FS354-355	0	KYPGMKKKN	9	0	20846.58	207.86	16.0	0.78	0.0	0.0	0.0	0.0	0.117	NoExpr	Pending
chr7-117791453-117791454-T-C						CTTNBP2	N581S	0	DSKTVASTP	2	0	21155.6	34180.45	9.0	26.0	0.0	0.0	0.0	0.0	0.429	NoExpr	Pending
chr11-18481799-18481799-A-AT						TSG101	FS305	0	LEKNGKSV	4	0	21217.73		7.898		0.0	0.0	0.0	0.0	0.041	NoExpr	Pending
chr8-60781252-60781252-G-GA						CHD7	FS640	0	EEKKEKEKV	5	0	21974.02	46105.35	8.398	92.0	0.0	0.0	0.0	0.0	0.044	NoExpr	Pending
chr4-67514089-67514089-G-GT						CENPC	FS476-477	0	CVSKKTDAT	6	0	23250.301	23478.08	12.0	12.0	0.0	0.0	0.0	0.0	0.333	NoExpr	Pending
chr12-76050537-76050538-T-G						NAP1L1	D351A	0	FTGEAIEDDA	10	0	26089.061	45418.11	14.0	82.0	0.0	0.0	0.0	0.0	0.09	NoExpr	Pending
chr7-99404866-99404867-C-A						PDAP1	A34S	0	LQAEKQKSR	8	0	27120.029	26297.38	21.0	20.0	0.0	0.0	0.0	0.0	0.079	NoExpr	Pending
chr3-52487405-52487504-AGGAGGATGAGGAGGAGGAAGAAGAGGAGGACGTGGCTGAGAACCGCTACTTTGAAATGGGGCCCCCAGACGTGGAGGAGGAGGAGGGAGGAGGCCAGGG-A						NISCH	EEDEEEEEEEDVAENRYFEMGPPDVEEEEGGGQG638-671E	0	GEQGEEEEE	8	0	27280.43	36564.68	14.0	33.0	0.0	0.0	0.0	0.0	0.1	NoExpr	Pending
chr3-138402201-138402202-A-G						MRAS	K187R	0	SQKKRKKTKW	5	0	28748.051	31432.87	26.0	31.0	0.0	0.0	0.0	0.0	0.132	NoExpr	Pending
chr5-140524108-140524108-G-GA						ANKHD1	FS1454	0	KEKRGTEKE	0	0	28782.9		16.0		0.0	0.0	0.0	0.0	0.106	NoExpr	Pending
chr5-140524127-140524127-G-GA						ANKHD1	FS1460	0	KEKRGTEKE	2	0	28782.9		16.0		0.0	0.0	0.0	0.0	0.149	NoExpr	Pending
chr10-15834596-15834596-G-GT						MINDY3	FS199	0	KGIENIKKR	8	0	30522.609	39988.59	28.0	62.0	0.0	0.0	0.0	0.0	0.267	NoExpr	Pending
chr7-107924328-107924328-G-GT						LAMB1	FS1709	0	VENLIAKKN	9	0	30906.439	14811.18	19.0	4.9	0.0	0.0	0.0	0.0	0.116	NoExpr	Pending
chr14-21523359-21523362-TCT-CAC						SALL2	ES789-790GG	0	DSLAGRGSG	9	0	31157.6	36130.52	21.0	31.0	0.0	0.0	0.0	0.0	0.125	NoExpr	Pending
chr3-37326822-37326822-C-CA						GOLGA4	FS1668	0	KAEQKNCCH	6	0	31280.221	18417.14	30.0	9.1	0.0	0.0	0.0	0.0	0.099	NoExpr	Pending
chr4-102030062-102030064-AG-CC						BANK1	EE566-567DQ	0	QEKEQEEEE	0	0	32481.869	39326.54	22.0	44.0	0.0	0.0	0.0	0.0	0.116	NoExpr	Pending
chr1-70250374-70250375-G-A						SRSF11	E377K	0	SPRRHKKKK	8	0	33314.031	28227.76	24.0	16.0	0.0	0.0	0.0	0.0	0.039	NoExpr	Pending
chr5-160093557-160093557-G-GT						PWWP2A	FS364-365	0	NESVTTVNKKT	11	0	33495.828	1803.78	24.0	1.0	0.0	0.0	0.0	0.0	0.221	NoExpr	Pending
chr10-75028919-75028921-GA-CC						KAT6B	E1366P	0	EEEEEEEEP	9	0	35591.961	40580.95	30.0	51.0	0.0	0.0	0.0	0.0	0.121	NoExpr	Pending
chr10-93516986-93516986-C-CA						CEP55	FS244	0	YNDLLASAKKR	11	0	39311.648	44286.48	58.0	87.0	0.0	0.0	0.0	0.0	0.132	NoExpr	Pending
chr2-159382588-159382588-C-CT						BAZ2B	FS1325-1326	0	KEDKKRKKD	6	0	40003.32	21871.3	47.0	8.3	0.0	0.0	0.0	0.0	0.231	NoExpr	Pending
